"","climate_var","year","metric","value"
"1","air_max",1951,"mean",17.9078782642089
"2","air_max",1952,"mean",17.6010088369794
"3","air_max",1953,"mean",18.7969246031746
"4","air_max",1954,"mean",18.6952931387609
"5","air_max",1955,"mean",17.5968721198157
"6","air_max",1956,"mean",18.7940470893585
"7","air_max",1957,"mean",19.3208179723502
"8","air_max",1958,"mean",20.386951484895
"9","air_max",1959,"mean",20.1183230926779
"10","air_max",1960,"mean",18.8201365714992
"11","air_max",1961,"mean",19.6651292882744
"12","air_max",1962,"mean",18.5846159754224
"13","air_max",1963,"mean",18.6483083717358
"14","air_max",1964,"mean",17.1174094673094
"15","air_max",1965,"mean",17.4887339989759
"16","air_max",1966,"mean",18.154246031746
"17","air_max",1967,"mean",18.1013383256528
"18","air_max",1968,"mean",18.2320467185762
"19","air_max",1969,"mean",17.9618746799795
"20","air_max",1970,"mean",18.5380670762929
"21","air_max",1971,"mean",17.6960259856631
"22","air_max",1972,"mean",18.4356328018786
"23","air_max",1973,"mean",18.0519623655914
"24","air_max",1974,"mean",17.7883256528418
"25","air_max",1975,"mean",17.5858454941116
"26","air_max",1976,"mean",19.3727119639105
"27","air_max",1977,"mean",18.6991493855607
"28","air_max",1978,"mean",18.8122996671787
"29","air_max",1979,"mean",18.8720391705069
"30","air_max",1980,"mean",19.1933348782598
"31","air_max",1981,"mean",18.4131477214542
"32","air_max",1982,"mean",17.6129909114183
"33","air_max",1983,"mean",18.8535880696365
"34","air_max",1984,"mean",18.5881000494376
"35","air_max",1985,"mean",18.2338946492576
"36","air_max",1986,"mean",19.0289612135177
"37","air_max",1987,"mean",18.6485695084485
"38","air_max",1988,"mean",18.8079551353356
"39","air_max",1989,"mean",18.5253046594982
"40","air_max",1990,"mean",18.5244322836662
"41","air_max",1991,"mean",17.8843010752688
"42","air_max",1992,"mean",19.6075185391175
"43","air_max",1993,"mean",19.4161085509473
"44","air_max",1994,"mean",18.0960311059908
"45","air_max",1995,"mean",19.2088280849974
"46","air_max",1996,"mean",19.5032035595106
"47","air_max",1997,"mean",19.8020666922683
"48","air_max",1998,"mean",17.7299692780338
"49","air_max",1999,"mean",17.6022119815668
"50","air_max",2000,"mean",18.2184541465826
"51","air_max",2001,"mean",17.8332904505888
"52","air_max",2002,"mean",17.6714221710189
"53","air_max",2003,"mean",18.1776088069636
"54","air_max",2004,"mean",17.9147382894574
"55","air_max",2005,"mean",17.5543676395289
"56","air_max",2006,"mean",17.3163140040963
"57","air_max",2007,"mean",17.1054038658474
"58","air_max",2008,"mean",17.437587751823
"59","air_max",2009,"mean",17.5130145929339
"60","air_max",2010,"mean",16.5925883256528
"61","air_max",2011,"mean",16.6280792370712
"62","air_max",2012,"mean",16.2407168458781
"63","air_max",2013,"mean",16.4313133640553
"64","air_max",2014,"mean",15.4113748079877
"65","air_max",2015,"mean",19.0649756784434
"66","air_max",2016,"mean",17.7204530827904
"67","air_min",1951,"mean",8.59084229390681
"68","air_min",1952,"mean",8.03490236064763
"69","air_min",1953,"mean",8.20570596518177
"70","air_min",1954,"mean",7.8740770609319
"71","air_min",1955,"mean",7.71074180747568
"72","air_min",1956,"mean",7.92425719935731
"73","air_min",1957,"mean",8.86831285202253
"74","air_min",1958,"mean",9.30799091141833
"75","air_min",1959,"mean",9.40722926267281
"76","air_min",1960,"mean",8.59370318872822
"77","air_min",1961,"mean",8.9053801843318
"78","air_min",1962,"mean",8.14489759344598
"79","air_min",1963,"mean",9.29132488479263
"80","air_min",1964,"mean",8.58828822148066
"81","air_min",1965,"mean",9.10201356886841
"82","air_min",1966,"mean",9.01278929851511
"83","air_min",1967,"mean",9.05476254480287
"84","air_min",1968,"mean",9.08810622914349
"85","air_min",1969,"mean",8.91944700460829
"86","air_min",1970,"mean",8.87771889400922
"87","air_min",1971,"mean",8.0410343061956
"88","air_min",1972,"mean",8.6624678655296
"89","air_min",1973,"mean",8.71616743471582
"90","air_min",1974,"mean",8.59352534562212
"91","air_min",1975,"mean",8.10797875064004
"92","air_min",1976,"mean",8.86961933011989
"93","air_min",1977,"mean",8.72876216077829
"94","air_min",1978,"mean",9.08904505888377
"95","air_min",1979,"mean",9.12947132616488
"96","air_min",1980,"mean",9.27162402669633
"97","air_min",1981,"mean",9.16725102406554
"98","air_min",1982,"mean",8.86462813620072
"99","air_min",1983,"mean",10.2276894521249
"100","air_min",1984,"mean",9.06523822766036
"101","air_min",1985,"mean",8.60096774193548
"102","air_min",1986,"mean",9.38104262672811
"103","air_min",1987,"mean",9.27252176139273
"104","air_min",1988,"mean",8.8635471511556
"105","air_min",1989,"mean",8.77639080901178
"106","air_min",1990,"mean",8.90574884792627
"107","air_min",1991,"mean",8.9682226062468
"108","air_min",1992,"mean",10.351948152268
"109","air_min",1993,"mean",9.83737007168459
"110","air_min",1994,"mean",9.02953725038402
"111","air_min",1995,"mean",10.133476702509
"112","air_min",1996,"mean",9.49805493758497
"113","air_min",1997,"mean",9.94555747567844
"114","air_min",1998,"mean",9.23695788530466
"115","air_min",1999,"mean",8.33514976958525
"116","air_min",2000,"mean",9.01164596465208
"117","air_min",2001,"mean",8.81490527393753
"118","air_min",2002,"mean",8.69131656426011
"119","air_min",2003,"mean",9.55757680491551
"120","air_min",2004,"mean",9.42796316895316
"121","air_min",2005,"mean",9.5055120327701
"122","air_min",2006,"mean",9.14205197132616
"123","air_min",2007,"mean",8.69947068612391
"124","air_min",2008,"mean",8.71594147818564
"125","air_min",2009,"mean",9.01844086021505
"126","air_min",2010,"mean",8.80332373271889
"127","air_min",2011,"mean",7.3128270609319
"128","air_min",2012,"mean",6.72765758249907
"129","air_min",2013,"mean",6.63767345110087
"130","air_min",2014,"mean",6.80225550435228
"131","air_min",2015,"mean",8.71742895545315
"132","air_min",2016,"mean",9.28793017373802
"133","air_obs",1951,"mean",12.6521050520567
"134","air_obs",1952,"mean",11.8902465702633
"135","air_obs",1953,"mean",12.5465765312428
"136","air_obs",1954,"mean",12.5224808429119
"137","air_obs",1955,"mean",12.326049182968
"138","air_obs",1956,"mean",14.1262502954035
"139","air_obs",1957,"mean",14.0156588975541
"140","air_obs",1958,"mean",14.1131780167264
"141","air_obs",1959,"mean",13.8129166666667
"142","air_obs",1960,"mean",12.5007533061426
"143","air_obs",1961,"mean",13.2494653524492
"144","air_obs",1962,"mean",12.3662071172555
"145","air_obs",1963,"mean",12.3768641650208
"146","air_obs",1964,"mean",12.1329798541589
"147","air_obs",1965,"mean",12.4337954429083
"148","air_obs",1966,"mean",12.7439151305684
"149","air_obs",1967,"mean",12.6346729390681
"150","air_obs",1968,"mean",12.7923013224571
"151","air_obs",1969,"mean",12.5335720686124
"152","air_obs",1970,"mean",12.7880216333845
"153","air_obs",1971,"mean",12.0398508704557
"154","air_obs",1972,"mean",12.5125185391175
"155","air_obs",1973,"mean",12.5012551203277
"156","air_obs",1974,"mean",12.3257642089094
"157","air_obs",1975,"mean",11.8302828981055
"158","air_obs",1976,"mean",13.1411111111111
"159","air_obs",1977,"mean",12.5195769329237
"160","air_obs",1978,"mean",12.9465597798259
"161","air_obs",1979,"mean",12.9654864311316
"162","air_obs",1980,"mean",13.0611271783463
"163","air_obs",1981,"mean",13.1877476958525
"164","air_obs",1982,"mean",12.6326555299539
"165","air_obs",1983,"mean",13.9799029465158
"166","air_obs",1984,"mean",13.5867476208132
"167","air_obs",1985,"mean",12.9644603743528
"168","air_obs",1986,"mean",14.0337922427035
"169","air_obs",1987,"mean",14.0092782544979
"170","air_obs",1988,"mean",13.4090069212705
"171","air_obs",1989,"mean",13.2560688684076
"172","air_obs",1990,"mean",13.6276285158112
"173","air_obs",1991,"mean",13.0336271121352
"174","air_obs",1992,"mean",14.9458602150538
"175","air_obs",1993,"mean",14.6992005888377
"176","air_obs",1994,"mean",13.3105516049579
"177","air_obs",1995,"mean",13.6960874295955
"178","air_obs",1996,"mean",13.4474533432209
"179","air_obs",1997,"mean",13.5273169482847
"180","air_obs",1998,"mean",12.5132546082949
"181","air_obs",1999,"mean",11.6751958525346
"182","air_obs",2000,"mean",12.5397284019281
"183","air_obs",2001,"mean",12.1739912954429
"184","air_obs",2002,"mean",12.0663216183767
"185","air_obs",2003,"mean",13.0764919354839
"186","air_obs",2004,"mean",12.909552898282
"187","air_obs",2005,"mean",12.7913108038914
"188","air_obs",2006,"mean",12.215185015979
"189","air_obs",2007,"mean",12.0137803663879
"190","air_obs",2008,"mean",12.1660165616117
"191","air_obs",2009,"mean",12.4112250384025
"192","air_obs",2010,"mean",12.2319508448541
"193","precip",1951,"mean",1.46523697516641
"194","precip",1952,"mean",1.89068596279817
"195","precip",1953,"mean",0.620230798771121
"196","precip",1954,"mean",1.26086732590886
"197","precip",1955,"mean",1.75614776625704
"198","precip",1956,"mean",0.920104335063651
"199","precip",1957,"mean",1.43820273937532
"200","precip",1958,"mean",1.6732693484383
"201","precip",1959,"mean",1.08068752560164
"202","precip",1960,"mean",0.985361868125077
"203","precip",1961,"mean",0.755857546082949
"204","precip",1962,"mean",1.08872141577061
"205","precip",1963,"mean",1.26173090117768
"206","precip",1964,"mean",1.26709042763564
"207","precip",1965,"mean",1.47006516897081
"208","precip",1966,"mean",1.03925341781874
"209","precip",1967,"mean",1.7188468061956
"210","precip",1968,"mean",1.08867513595353
"211","precip",1969,"mean",1.82037354070661
"212","precip",1970,"mean",1.63225232334869
"213","precip",1971,"mean",0.903728405017921
"214","precip",1972,"mean",0.984317825361513
"215","precip",1973,"mean",1.95412774577573
"216","precip",1974,"mean",1.22946320404506
"217","precip",1975,"mean",0.998739708141321
"218","precip",1976,"mean",0.802661308861698
"219","precip",1977,"mean",0.887683038914491
"220","precip",1978,"mean",1.85390084485407
"221","precip",1979,"mean",1.60518121479775
"222","precip",1980,"mean",1.27608363613892
"223","precip",1981,"mean",1.63453898489503
"224","precip",1982,"mean",2.2635847094214
"225","precip",1983,"mean",2.6378098374296
"226","precip",1984,"mean",0.971974660116179
"227","precip",1985,"mean",1.08281693548387
"228","precip",1986,"mean",1.11248175883257
"229","precip",1987,"mean",1.1270998655914
"230","precip",1988,"mean",0.856634748485972
"231","precip",1989,"mean",0.856633659754224
"232","precip",1990,"mean",0.927671684587814
"233","precip",1991,"mean",1.14215775729647
"234","precip",1992,"mean",1.39579266468916
"235","precip",1993,"mean",1.91258606630824
"236","precip",1994,"mean",1.08869333077317
"237","precip",1995,"mean",1.75100065284178
"238","precip",1996,"mean",2.10103556111729
"239","precip",1997,"mean",1.49736470814132
"240","precip",1998,"mean",2.91760400025602
"241","precip",1999,"mean",1.18322713133641
"242","precip",2000,"mean",1.6962660147077
"243","precip",2001,"mean",1.63784722222222
"244","precip",2002,"mean",1.09397485919099
"245","precip",2003,"mean",1.22930137608807
"246","precip",2004,"mean",1.3987906995427
"247","precip",2005,"mean",1.73648300691244
"248","precip",2006,"mean",1.66017526241679
"249","precip",2007,"mean",0.806724116743472
"250","precip",2008,"mean",1.1297055988135
"251","precip",2009,"mean",1.35473918330773
"252","precip",2010,"mean",1.79245167050691
"253","precip",2011,"mean",0.971519425243216
"254","precip",2012,"mean",0.721445414658262
"255","precip",2013,"mean",0.235774071940604
"256","precip",2014,"mean",1.04938774961598
"257","precip",2015,"mean",0.57131421530978
"258","precip",2016,"mean",1.02229260156788
"259","air_max",1951,"median",17.775
"260","air_max",1952,"median",17.0083333333333
"261","air_max",1953,"median",18.2416666666667
"262","air_max",1954,"median",18.2375
"263","air_max",1955,"median",17.0458333333333
"264","air_max",1956,"median",18.2166666666667
"265","air_max",1957,"median",18.9125
"266","air_max",1958,"median",20.15
"267","air_max",1959,"median",19.7375
"268","air_max",1960,"median",18.2
"269","air_max",1961,"median",18.7291666666667
"270","air_max",1962,"median",17.875
"271","air_max",1963,"median",18.3666666666667
"272","air_max",1964,"median",16.4583333333333
"273","air_max",1965,"median",16.9958333333333
"274","air_max",1966,"median",17.575
"275","air_max",1967,"median",17.4708333333333
"276","air_max",1968,"median",17.5833333333333
"277","air_max",1969,"median",17.5
"278","air_max",1970,"median",17.9166666666667
"279","air_max",1971,"median",16.9291666666667
"280","air_max",1972,"median",17.9625
"281","air_max",1973,"median",17.4333333333333
"282","air_max",1974,"median",17.3833333333333
"283","air_max",1975,"median",16.9583333333333
"284","air_max",1976,"median",18.6791666666667
"285","air_max",1977,"median",18.475
"286","air_max",1978,"median",18.2333333333333
"287","air_max",1979,"median",18.6083333333333
"288","air_max",1980,"median",18.8125
"289","air_max",1981,"median",17.7083333333333
"290","air_max",1982,"median",17.1583333333333
"291","air_max",1983,"median",18.3416666666667
"292","air_max",1984,"median",17.9625
"293","air_max",1985,"median",17.4375
"294","air_max",1986,"median",18.625
"295","air_max",1987,"median",18.0416666666667
"296","air_max",1988,"median",18.1375
"297","air_max",1989,"median",17.8708333333333
"298","air_max",1990,"median",17.9583333333333
"299","air_max",1991,"median",17.3583333333333
"300","air_max",1992,"median",19.125
"301","air_max",1993,"median",18.6958333333333
"302","air_max",1994,"median",17.65
"303","air_max",1995,"median",18.5666666666667
"304","air_max",1996,"median",18.9208333333333
"305","air_max",1997,"median",19.2041666666667
"306","air_max",1998,"median",17.125
"307","air_max",1999,"median",16.775
"308","air_max",2000,"median",17.5916666666667
"309","air_max",2001,"median",17.2083333333333
"310","air_max",2002,"median",17.1291666666667
"311","air_max",2003,"median",17.4416666666667
"312","air_max",2004,"median",17.0625
"313","air_max",2005,"median",16.9166666666667
"314","air_max",2006,"median",16.7291666666667
"315","air_max",2007,"median",16.4125
"316","air_max",2008,"median",16.2208333333333
"317","air_max",2009,"median",16.6666666666667
"318","air_max",2010,"median",15.8583333333333
"319","air_max",2011,"median",15.9833333333333
"320","air_max",2012,"median",15.7458333333333
"321","air_max",2013,"median",16.0958333333333
"322","air_max",2014,"median",15
"323","air_max",2015,"median",18.325
"324","air_max",2016,"median",17.5125
"325","air_min",1951,"median",8.6875
"326","air_min",1952,"median",8.10833333333333
"327","air_min",1953,"median",8.125
"328","air_min",1954,"median",7.77916666666667
"329","air_min",1955,"median",7.71666666666667
"330","air_min",1956,"median",7.93333333333333
"331","air_min",1957,"median",9.03333333333333
"332","air_min",1958,"median",9.39166666666667
"333","air_min",1959,"median",9.4
"334","air_min",1960,"median",8.6875
"335","air_min",1961,"median",8.9125
"336","air_min",1962,"median",7.98333333333333
"337","air_min",1963,"median",9.33333333333333
"338","air_min",1964,"median",8.65833333333333
"339","air_min",1965,"median",9.08333333333333
"340","air_min",1966,"median",9.09583333333333
"341","air_min",1967,"median",8.90833333333333
"342","air_min",1968,"median",9.16666666666667
"343","air_min",1969,"median",8.82083333333333
"344","air_min",1970,"median",8.81666666666667
"345","air_min",1971,"median",7.94583333333333
"346","air_min",1972,"median",8.8
"347","air_min",1973,"median",8.53333333333333
"348","air_min",1974,"median",8.50833333333333
"349","air_min",1975,"median",8.17083333333333
"350","air_min",1976,"median",8.9
"351","air_min",1977,"median",8.73333333333333
"352","air_min",1978,"median",8.89583333333333
"353","air_min",1979,"median",9.12083333333333
"354","air_min",1980,"median",9.30416666666667
"355","air_min",1981,"median",9.21666666666667
"356","air_min",1982,"median",8.76666666666667
"357","air_min",1983,"median",10.2875
"358","air_min",1984,"median",9.075
"359","air_min",1985,"median",8.675
"360","air_min",1986,"median",9.49583333333333
"361","air_min",1987,"median",9.175
"362","air_min",1988,"median",9.01666666666667
"363","air_min",1989,"median",8.75
"364","air_min",1990,"median",9.00833333333333
"365","air_min",1991,"median",8.94166666666667
"366","air_min",1992,"median",10.3541666666667
"367","air_min",1993,"median",9.8875
"368","air_min",1994,"median",9.025
"369","air_min",1995,"median",10.225
"370","air_min",1996,"median",9.575
"371","air_min",1997,"median",9.79583333333333
"372","air_min",1998,"median",9.24166666666667
"373","air_min",1999,"median",8.33333333333333
"374","air_min",2000,"median",9.00833333333333
"375","air_min",2001,"median",8.88333333333333
"376","air_min",2002,"median",8.67916666666667
"377","air_min",2003,"median",9.47916666666667
"378","air_min",2004,"median",9.27916666666667
"379","air_min",2005,"median",9.6
"380","air_min",2006,"median",9.22083333333333
"381","air_min",2007,"median",8.65
"382","air_min",2008,"median",8.41666666666667
"383","air_min",2009,"median",8.94166666666667
"384","air_min",2010,"median",8.95416666666667
"385","air_min",2011,"median",7.19166666666667
"386","air_min",2012,"median",6.72083333333333
"387","air_min",2013,"median",6.60833333333333
"388","air_min",2014,"median",6.7375
"389","air_min",2015,"median",8.81666666666667
"390","air_min",2016,"median",9.3875
"391","air_obs",1951,"median",12.55
"392","air_obs",1952,"median",11.5333333333333
"393","air_obs",1953,"median",12.2
"394","air_obs",1954,"median",12.1416666666667
"395","air_obs",1955,"median",12.0045454545455
"396","air_obs",1956,"median",13.8875
"397","air_obs",1957,"median",13.9583333333333
"398","air_obs",1958,"median",14.0583333333333
"399","air_obs",1959,"median",13.3458333333333
"400","air_obs",1960,"median",12.075
"401","air_obs",1961,"median",12.825
"402","air_obs",1962,"median",12.1041666666667
"403","air_obs",1963,"median",12.0642857142857
"404","air_obs",1964,"median",11.75
"405","air_obs",1965,"median",12.2041666666667
"406","air_obs",1966,"median",12.325
"407","air_obs",1967,"median",12.1916666666667
"408","air_obs",1968,"median",12.3583333333333
"409","air_obs",1969,"median",12.275
"410","air_obs",1970,"median",12.2875
"411","air_obs",1971,"median",11.625
"412","air_obs",1972,"median",12.2041666666667
"413","air_obs",1973,"median",12.0416666666667
"414","air_obs",1974,"median",11.7916666666667
"415","air_obs",1975,"median",11.525
"416","air_obs",1976,"median",12.5666666666667
"417","air_obs",1977,"median",12.2
"418","air_obs",1978,"median",12.5833333333333
"419","air_obs",1979,"median",12.6791666666667
"420","air_obs",1980,"median",12.6375
"421","air_obs",1981,"median",13.0083333333333
"422","air_obs",1982,"median",12.5416666666667
"423","air_obs",1983,"median",13.6181818181818
"424","air_obs",1984,"median",13.3083333333333
"425","air_obs",1985,"median",12.575
"426","air_obs",1986,"median",13.5708333333333
"427","air_obs",1987,"median",13.575
"428","air_obs",1988,"median",13.0666666666667
"429","air_obs",1989,"median",12.8166666666667
"430","air_obs",1990,"median",13.4333333333333
"431","air_obs",1991,"median",12.575
"432","air_obs",1992,"median",14.5791666666667
"433","air_obs",1993,"median",14.45
"434","air_obs",1994,"median",13.0166666666667
"435","air_obs",1995,"median",13.3083333333333
"436","air_obs",1996,"median",13.0125
"437","air_obs",1997,"median",13.1291666666667
"438","air_obs",1998,"median",12.175
"439","air_obs",1999,"median",11.275
"440","air_obs",2000,"median",12.1541666666667
"441","air_obs",2001,"median",11.9791666666667
"442","air_obs",2002,"median",11.6
"443","air_obs",2003,"median",12.7208333333333
"444","air_obs",2004,"median",12.5166666666667
"445","air_obs",2005,"median",12.5458333333333
"446","air_obs",2006,"median",11.7916666666667
"447","air_obs",2007,"median",11.7041666666667
"448","air_obs",2008,"median",11.6416666666667
"449","air_obs",2009,"median",11.9708333333333
"450","air_obs",2010,"median",11.9375
"451","precip",1951,"median",0.338416666666667
"452","precip",1952,"median",0.10575
"453","precip",1953,"median",0
"454","precip",1954,"median",0
"455","precip",1955,"median",0.31725
"456","precip",1956,"median",0
"457","precip",1957,"median",0
"458","precip",1958,"median",0.17975
"459","precip",1959,"median",0
"460","precip",1960,"median",0
"461","precip",1961,"median",0
"462","precip",1962,"median",0.126916666666667
"463","precip",1963,"median",0.126916666666667
"464","precip",1964,"median",0.0634166666666667
"465","precip",1965,"median",0
"466","precip",1966,"median",0
"467","precip",1967,"median",0.211541666666667
"468","precip",1968,"median",0
"469","precip",1969,"median",0.475875
"470","precip",1970,"median",0.0211666666666667
"471","precip",1971,"median",0.0211666666666667
"472","precip",1972,"median",0
"473","precip",1973,"median",0.16925
"474","precip",1974,"median",0
"475","precip",1975,"median",0
"476","precip",1976,"median",0
"477","precip",1977,"median",0.0211666666666667
"478","precip",1978,"median",0.0634166666666667
"479","precip",1979,"median",0
"480","precip",1980,"median",0
"481","precip",1981,"median",0
"482","precip",1982,"median",0.10575
"483","precip",1983,"median",0.211583333333333
"484","precip",1984,"median",0.03175
"485","precip",1985,"median",0
"486","precip",1986,"median",0
"487","precip",1987,"median",0.0211666666666667
"488","precip",1988,"median",0
"489","precip",1989,"median",0
"490","precip",1990,"median",0
"491","precip",1991,"median",0.0634166666666667
"492","precip",1992,"median",0.0845833333333333
"493","precip",1993,"median",0.1375
"494","precip",1994,"median",0.0211666666666667
"495","precip",1995,"median",0.423
"496","precip",1996,"median",0.126916666666667
"497","precip",1997,"median",0
"498","precip",1998,"median",0.581708333333333
"499","precip",1999,"median",0
"500","precip",2000,"median",0.232666666666667
"501","precip",2001,"median",0.0211666666666667
"502","precip",2002,"median",0.0634166666666667
"503","precip",2003,"median",0.10575
"504","precip",2004,"median",0
"505","precip",2005,"median",0.0211666666666667
"506","precip",2006,"median",0.349
"507","precip",2007,"median",0
"508","precip",2008,"median",0.0211666666666667
"509","precip",2009,"median",0.253791666666667
"510","precip",2010,"median",0.0211666666666667
"511","precip",2011,"median",0
"512","precip",2012,"median",0
"513","precip",2013,"median",0
"514","precip",2014,"median",0.116333333333333
"515","precip",2015,"median",0.0423333333333333
"516","precip",2016,"median",0.095125
"517","air_max",1951,"maximum",24.875
"518","air_max",1952,"maximum",26.95
"519","air_max",1953,"maximum",26.9916666666667
"520","air_max",1954,"maximum",26.9916666666667
"521","air_max",1955,"maximum",25
"522","air_max",1956,"maximum",27.4
"523","air_max",1957,"maximum",26.8083333333333
"524","air_max",1958,"maximum",27.0916666666667
"525","air_max",1959,"maximum",28.3833333333333
"526","air_max",1960,"maximum",26.2333333333333
"527","air_max",1961,"maximum",28.8916666666667
"528","air_max",1962,"maximum",28.6666666666667
"529","air_max",1963,"maximum",23.1916666666667
"530","air_max",1964,"maximum",25.1416666666667
"531","air_max",1965,"maximum",25.175
"532","air_max",1966,"maximum",27.1333333333333
"533","air_max",1967,"maximum",25.6916666666667
"534","air_max",1968,"maximum",26.95
"535","air_max",1969,"maximum",24.5333333333333
"536","air_max",1970,"maximum",26.9333333333333
"537","air_max",1971,"maximum",26.6083333333333
"538","air_max",1972,"maximum",26.9416666666667
"539","air_max",1973,"maximum",25.7833333333333
"540","air_max",1974,"maximum",25.7416666666667
"541","air_max",1975,"maximum",25.8333333333333
"542","air_max",1976,"maximum",28.2916666666667
"543","air_max",1977,"maximum",25.5083333333333
"544","air_max",1978,"maximum",26.625
"545","air_max",1979,"maximum",25.1333333333333
"546","air_max",1980,"maximum",27.5833333333333
"547","air_max",1981,"maximum",26.9416666666667
"548","air_max",1982,"maximum",24.725
"549","air_max",1983,"maximum",26.3416666666667
"550","air_max",1984,"maximum",26.4583333333333
"551","air_max",1985,"maximum",26.9083333333333
"552","air_max",1986,"maximum",27.175
"553","air_max",1987,"maximum",27.325
"554","air_max",1988,"maximum",28.6583333333333
"555","air_max",1989,"maximum",26.625
"556","air_max",1990,"maximum",26.2916666666667
"557","air_max",1991,"maximum",25.5083333333333
"558","air_max",1992,"maximum",25.7916666666667
"559","air_max",1993,"maximum",28.475
"560","air_max",1994,"maximum",26.025
"561","air_max",1995,"maximum",27.7833333333333
"562","air_max",1996,"maximum",28.9833333333333
"563","air_max",1997,"maximum",27.4833333333333
"564","air_max",1998,"maximum",24.85
"565","air_max",1999,"maximum",25.375
"566","air_max",2000,"maximum",26.5333333333333
"567","air_max",2001,"maximum",26.6333333333333
"568","air_max",2002,"maximum",26.2083333333333
"569","air_max",2003,"maximum",25.9666666666667
"570","air_max",2004,"maximum",25.7166666666667
"571","air_max",2005,"maximum",24.6833333333333
"572","air_max",2006,"maximum",25.5666666666667
"573","air_max",2007,"maximum",26.3416666666667
"574","air_max",2008,"maximum",28.025
"575","air_max",2009,"maximum",27.2666666666667
"576","air_max",2010,"maximum",25.1333333333333
"577","air_max",2011,"maximum",24.7166666666667
"578","air_max",2012,"maximum",24.2166666666667
"579","air_max",2013,"maximum",23.3916666666667
"580","air_max",2014,"maximum",23.1416666666667
"581","air_max",2015,"maximum",26.1083333333333
"582","air_max",2016,"maximum",23.3375
"583","air_min",1951,"maximum",12.0833333333333
"584","air_min",1952,"maximum",11.475
"585","air_min",1953,"maximum",12.2166666666667
"586","air_min",1954,"maximum",11.9083333333333
"587","air_min",1955,"maximum",11.5166666666667
"588","air_min",1956,"maximum",11.7083333333333
"589","air_min",1957,"maximum",12.5916666666667
"590","air_min",1958,"maximum",12.4
"591","air_min",1959,"maximum",13.625
"592","air_min",1960,"maximum",12.0916666666667
"593","air_min",1961,"maximum",13.2916666666667
"594","air_min",1962,"maximum",11.95
"595","air_min",1963,"maximum",12.2666666666667
"596","air_min",1964,"maximum",12.625
"597","air_min",1965,"maximum",12.6
"598","air_min",1966,"maximum",13.2
"599","air_min",1967,"maximum",13.0166666666667
"600","air_min",1968,"maximum",12.9916666666667
"601","air_min",1969,"maximum",12.5833333333333
"602","air_min",1970,"maximum",12.55
"603","air_min",1971,"maximum",12.5
"604","air_min",1972,"maximum",12.45
"605","air_min",1973,"maximum",12.6833333333333
"606","air_min",1974,"maximum",12.4916666666667
"607","air_min",1975,"maximum",12.0083333333333
"608","air_min",1976,"maximum",13.2833333333333
"609","air_min",1977,"maximum",11.7583333333333
"610","air_min",1978,"maximum",13.1333333333333
"611","air_min",1979,"maximum",12.7833333333333
"612","air_min",1980,"maximum",13.875
"613","air_min",1981,"maximum",12.825
"614","air_min",1982,"maximum",12.7916666666667
"615","air_min",1983,"maximum",14.025
"616","air_min",1984,"maximum",12.2833333333333
"617","air_min",1985,"maximum",12.8666666666667
"618","air_min",1986,"maximum",12.7833333333333
"619","air_min",1987,"maximum",12.7833333333333
"620","air_min",1988,"maximum",12.7416666666667
"621","air_min",1989,"maximum",12.9166666666667
"622","air_min",1990,"maximum",12.4583333333333
"623","air_min",1991,"maximum",12.4333333333333
"624","air_min",1992,"maximum",13.8833333333333
"625","air_min",1993,"maximum",14.2916666666667
"626","air_min",1994,"maximum",12.6916666666667
"627","air_min",1995,"maximum",14.0583333333333
"628","air_min",1996,"maximum",14.1583333333333
"629","air_min",1997,"maximum",14.9583333333333
"630","air_min",1998,"maximum",12.7666666666667
"631","air_min",1999,"maximum",12.225
"632","air_min",2000,"maximum",12.375
"633","air_min",2001,"maximum",12.2833333333333
"634","air_min",2002,"maximum",12.7916666666667
"635","air_min",2003,"maximum",13.9416666666667
"636","air_min",2004,"maximum",14.025
"637","air_min",2005,"maximum",13.05
"638","air_min",2006,"maximum",12.775
"639","air_min",2007,"maximum",12.35
"640","air_min",2008,"maximum",13.9666666666667
"641","air_min",2009,"maximum",13.6333333333333
"642","air_min",2010,"maximum",11.6583333333333
"643","air_min",2011,"maximum",11.3416666666667
"644","air_min",2012,"maximum",11.4666666666667
"645","air_min",2013,"maximum",10.7833333333333
"646","air_min",2014,"maximum",10.8833333333333
"647","air_min",2015,"maximum",12.9166666666667
"648","air_min",2016,"maximum",12.85
"649","air_obs",1951,"maximum",18.55
"650","air_obs",1952,"maximum",17.6416666666667
"651","air_obs",1953,"maximum",17.9583333333333
"652","air_obs",1954,"maximum",17.6
"653","air_obs",1955,"maximum",17.7272727272727
"654","air_obs",1956,"maximum",19.5833333333333
"655","air_obs",1957,"maximum",18.4333333333333
"656","air_obs",1958,"maximum",18.15
"657","air_obs",1959,"maximum",19.175
"658","air_obs",1960,"maximum",16.8
"659","air_obs",1961,"maximum",19.3833333333333
"660","air_obs",1962,"maximum",18.375
"661","air_obs",1963,"maximum",17.4714285714286
"662","air_obs",1964,"maximum",17.7833333333333
"663","air_obs",1965,"maximum",17.675
"664","air_obs",1966,"maximum",18.5333333333333
"665","air_obs",1967,"maximum",18.425
"666","air_obs",1968,"maximum",18.2416666666667
"667","air_obs",1969,"maximum",17.5583333333333
"668","air_obs",1970,"maximum",19.1666666666667
"669","air_obs",1971,"maximum",17.65
"670","air_obs",1972,"maximum",18.6583333333333
"671","air_obs",1973,"maximum",18.8333333333333
"672","air_obs",1974,"maximum",18.1416666666667
"673","air_obs",1975,"maximum",17.2666666666667
"674","air_obs",1976,"maximum",20.0333333333333
"675","air_obs",1977,"maximum",17.7666666666667
"676","air_obs",1978,"maximum",17.875
"677","air_obs",1979,"maximum",18.1
"678","air_obs",1980,"maximum",18.9333333333333
"679","air_obs",1981,"maximum",19.075
"680","air_obs",1982,"maximum",17.95
"681","air_obs",1983,"maximum",19.9363636363636
"682","air_obs",1984,"maximum",20.1833333333333
"683","air_obs",1985,"maximum",19.2666666666667
"684","air_obs",1986,"maximum",20.0833333333333
"685","air_obs",1987,"maximum",20.6
"686","air_obs",1988,"maximum",18.8416666666667
"687","air_obs",1989,"maximum",19.3916666666667
"688","air_obs",1990,"maximum",19.825
"689","air_obs",1991,"maximum",19.0666666666667
"690","air_obs",1992,"maximum",19.8083333333333
"691","air_obs",1993,"maximum",21.0083333333333
"692","air_obs",1994,"maximum",19.1666666666667
"693","air_obs",1995,"maximum",19.6416666666667
"694","air_obs",1996,"maximum",19.8166666666667
"695","air_obs",1997,"maximum",18.8
"696","air_obs",1998,"maximum",17.9083333333333
"697","air_obs",1999,"maximum",16.2416666666667
"698","air_obs",2000,"maximum",18.0666666666667
"699","air_obs",2001,"maximum",16.9416666666667
"700","air_obs",2002,"maximum",18.225
"701","air_obs",2003,"maximum",18
"702","air_obs",2004,"maximum",18.2833333333333
"703","air_obs",2005,"maximum",16.7083333333333
"704","air_obs",2006,"maximum",17.925
"705","air_obs",2007,"maximum",17.5833333333333
"706","air_obs",2008,"maximum",19.6166666666667
"707","air_obs",2009,"maximum",19.2083333333333
"708","air_obs",2010,"maximum",17.0416666666667
"709","precip",1951,"maximum",13.6400833333333
"710","precip",1952,"maximum",15.9673333333333
"711","precip",1953,"maximum",10.2775833333333
"712","precip",1954,"maximum",15.8618333333333
"713","precip",1955,"maximum",17.9765
"714","precip",1956,"maximum",10.383
"715","precip",1957,"maximum",14.9939166666667
"716","precip",1958,"maximum",16.2206666666667
"717","precip",1959,"maximum",9.85516666666667
"718","precip",1960,"maximum",9.1145
"719","precip",1961,"maximum",10.5313333333333
"720","precip",1962,"maximum",15.7555833333333
"721","precip",1963,"maximum",14.381
"722","precip",1964,"maximum",12.0963333333333
"723","precip",1965,"maximum",15.5015833333333
"724","precip",1966,"maximum",11.8641666666667
"725","precip",1967,"maximum",15.5854166666667
"726","precip",1968,"maximum",11.0586666666667
"727","precip",1969,"maximum",15.2680833333333
"728","precip",1970,"maximum",14.5285833333333
"729","precip",1971,"maximum",9.60033333333333
"730","precip",1972,"maximum",9.32566666666667
"731","precip",1973,"maximum",16.1141666666667
"732","precip",1974,"maximum",16.1785
"733","precip",1975,"maximum",9.19841666666667
"734","precip",1976,"maximum",13.7234166666667
"735","precip",1977,"maximum",13.7465
"736","precip",1978,"maximum",16.0715
"737","precip",1979,"maximum",15.7759166666667
"738","precip",1980,"maximum",10.7836666666667
"739","precip",1981,"maximum",17.7855
"740","precip",1982,"maximum",24.0039166666667
"741","precip",1983,"maximum",20.25975
"742","precip",1984,"maximum",10.172
"743","precip",1985,"maximum",14.2109166666667
"744","precip",1986,"maximum",10.6156666666667
"745","precip",1987,"maximum",12.9195
"746","precip",1988,"maximum",7.80308333333333
"747","precip",1989,"maximum",13.471
"748","precip",1990,"maximum",11.7796666666667
"749","precip",1991,"maximum",12.4344166666667
"750","precip",1992,"maximum",14.7829166666667
"751","precip",1993,"maximum",16.70575
"752","precip",1994,"maximum",11.3555
"753","precip",1995,"maximum",17.5103333333333
"754","precip",1996,"maximum",22.5851666666667
"755","precip",1997,"maximum",14.6984166666667
"756","precip",1998,"maximum",20.1970833333333
"757","precip",1999,"maximum",11.22875
"758","precip",2000,"maximum",15.9461666666667
"759","precip",2001,"maximum",14.0835833333333
"760","precip",2002,"maximum",13.9150833333333
"761","precip",2003,"maximum",14.8874166666667
"762","precip",2004,"maximum",14.3803333333333
"763","precip",2005,"maximum",15.8826666666667
"764","precip",2006,"maximum",15.2053333333333
"765","precip",2007,"maximum",9.38891666666667
"766","precip",2008,"maximum",11.779
"767","precip",2009,"maximum",15.9033333333333
"768","precip",2010,"maximum",14.4435
"769","precip",2011,"maximum",8.52233333333333
"770","precip",2012,"maximum",7.06283333333333
"771","precip",2013,"maximum",3.29958333333333
"772","precip",2014,"maximum",15.7335
"773","precip",2015,"maximum",6.53408333333333
"774","precip",2016,"maximum",9.674625
"775","air_max",1951,"minimum",13.5666666666667
"776","air_max",1952,"minimum",13.0166666666667
"777","air_max",1953,"minimum",13.7416666666667
"778","air_max",1954,"minimum",13.8416666666667
"779","air_max",1955,"minimum",12.3833333333333
"780","air_max",1956,"minimum",13.9833333333333
"781","air_max",1957,"minimum",14.3583333333333
"782","air_max",1958,"minimum",15.2416666666667
"783","air_max",1959,"minimum",14.65
"784","air_max",1960,"minimum",14.0916666666667
"785","air_max",1961,"minimum",14.4083333333333
"786","air_max",1962,"minimum",13.05
"787","air_max",1963,"minimum",15.5166666666667
"788","air_max",1964,"minimum",11.9333333333333
"789","air_max",1965,"minimum",12.5166666666667
"790","air_max",1966,"minimum",12.95
"791","air_max",1967,"minimum",13.2416666666667
"792","air_max",1968,"minimum",12.8833333333333
"793","air_max",1969,"minimum",12.9583333333333
"794","air_max",1970,"minimum",12.825
"795","air_max",1971,"minimum",12.6833333333333
"796","air_max",1972,"minimum",13.0583333333333
"797","air_max",1973,"minimum",13.1583333333333
"798","air_max",1974,"minimum",12.8666666666667
"799","air_max",1975,"minimum",12.5166666666667
"800","air_max",1976,"minimum",13.55
"801","air_max",1977,"minimum",13.3666666666667
"802","air_max",1978,"minimum",13.2833333333333
"803","air_max",1979,"minimum",13.9333333333333
"804","air_max",1980,"minimum",14.025
"805","air_max",1981,"minimum",12.9166666666667
"806","air_max",1982,"minimum",12.9166666666667
"807","air_max",1983,"minimum",14.15
"808","air_max",1984,"minimum",13.8333333333333
"809","air_max",1985,"minimum",13.4833333333333
"810","air_max",1986,"minimum",14.6583333333333
"811","air_max",1987,"minimum",13.4583333333333
"812","air_max",1988,"minimum",13.2916666666667
"813","air_max",1989,"minimum",13
"814","air_max",1990,"minimum",13.4583333333333
"815","air_max",1991,"minimum",13.65
"816","air_max",1992,"minimum",15.4583333333333
"817","air_max",1993,"minimum",14.4833333333333
"818","air_max",1994,"minimum",13.8
"819","air_max",1995,"minimum",14.2166666666667
"820","air_max",1996,"minimum",13.8
"821","air_max",1997,"minimum",15.0916666666667
"822","air_max",1998,"minimum",13.3416666666667
"823","air_max",1999,"minimum",13.1916666666667
"824","air_max",2000,"minimum",13.65
"825","air_max",2001,"minimum",12.775
"826","air_max",2002,"minimum",12.4083333333333
"827","air_max",2003,"minimum",13.4333333333333
"828","air_max",2004,"minimum",13.2916666666667
"829","air_max",2005,"minimum",12.9083333333333
"830","air_max",2006,"minimum",12.3
"831","air_max",2007,"minimum",12.3083333333333
"832","air_max",2008,"minimum",11.5833333333333
"833","air_max",2009,"minimum",12.2333333333333
"834","air_max",2010,"minimum",11.9333333333333
"835","air_max",2011,"minimum",12.725
"836","air_max",2012,"minimum",11.9916666666667
"837","air_max",2013,"minimum",12.125
"838","air_max",2014,"minimum",10.9666666666667
"839","air_max",2015,"minimum",14.725
"840","air_max",2016,"minimum",13.8
"841","air_min",1951,"minimum",5.41666666666667
"842","air_min",1952,"minimum",4.25
"843","air_min",1953,"minimum",4.53333333333333
"844","air_min",1954,"minimum",4.26666666666667
"845","air_min",1955,"minimum",4.25833333333333
"846","air_min",1956,"minimum",4.29166666666667
"847","air_min",1957,"minimum",5.35833333333333
"848","air_min",1958,"minimum",6.00833333333333
"849","air_min",1959,"minimum",6.19166666666667
"850","air_min",1960,"minimum",5.3
"851","air_min",1961,"minimum",5.69166666666667
"852","air_min",1962,"minimum",4.44166666666667
"853","air_min",1963,"minimum",6.68333333333333
"854","air_min",1964,"minimum",5.33333333333333
"855","air_min",1965,"minimum",5.525
"856","air_min",1966,"minimum",5.225
"857","air_min",1967,"minimum",5.65833333333333
"858","air_min",1968,"minimum",5.375
"859","air_min",1969,"minimum",5.60833333333333
"860","air_min",1970,"minimum",5.60833333333333
"861","air_min",1971,"minimum",4.58333333333333
"862","air_min",1972,"minimum",4.3
"863","air_min",1973,"minimum",5.65833333333333
"864","air_min",1974,"minimum",5
"865","air_min",1975,"minimum",4.59166666666667
"866","air_min",1976,"minimum",4.86666666666667
"867","air_min",1977,"minimum",5.41666666666667
"868","air_min",1978,"minimum",5.925
"869","air_min",1979,"minimum",5.73333333333333
"870","air_min",1980,"minimum",5.83333333333333
"871","air_min",1981,"minimum",5.73333333333333
"872","air_min",1982,"minimum",5.21666666666667
"873","air_min",1983,"minimum",6.94166666666667
"874","air_min",1984,"minimum",5.7
"875","air_min",1985,"minimum",5.18333333333333
"876","air_min",1986,"minimum",6.15833333333333
"877","air_min",1987,"minimum",5.45
"878","air_min",1988,"minimum",4.86666666666667
"879","air_min",1989,"minimum",4.86666666666667
"880","air_min",1990,"minimum",4.95
"881","air_min",1991,"minimum",5.975
"882","air_min",1992,"minimum",7.04166666666667
"883","air_min",1993,"minimum",5.60833333333333
"884","air_min",1994,"minimum",5.925
"885","air_min",1995,"minimum",6.48333333333333
"886","air_min",1996,"minimum",5.79166666666667
"887","air_min",1997,"minimum",6.11666666666667
"888","air_min",1998,"minimum",5.7
"889","air_min",1999,"minimum",4.85833333333333
"890","air_min",2000,"minimum",5.74166666666667
"891","air_min",2001,"minimum",5.475
"892","air_min",2002,"minimum",5.275
"893","air_min",2003,"minimum",6.2
"894","air_min",2004,"minimum",5.93333333333333
"895","air_min",2005,"minimum",6.025
"896","air_min",2006,"minimum",5.36666666666667
"897","air_min",2007,"minimum",5.175
"898","air_min",2008,"minimum",5.38333333333333
"899","air_min",2009,"minimum",5.09166666666667
"900","air_min",2010,"minimum",4.95
"901","air_min",2011,"minimum",3.1
"902","air_min",2012,"minimum",2.01666666666667
"903","air_min",2013,"minimum",2.225
"904","air_min",2014,"minimum",2.725
"905","air_min",2015,"minimum",3.9
"906","air_min",2016,"minimum",4.875
"907","air_obs",1951,"minimum",8.28
"908","air_obs",1952,"minimum",8.925
"909","air_obs",1953,"minimum",9.48333333333333
"910","air_obs",1954,"minimum",9.25
"911","air_obs",1955,"minimum",8.85454545454545
"912","air_obs",1956,"minimum",10.7
"913","air_obs",1957,"minimum",10.725
"914","air_obs",1958,"minimum",10.65
"915","air_obs",1959,"minimum",10.55
"916","air_obs",1960,"minimum",9.625
"917","air_obs",1961,"minimum",10.1833333333333
"918","air_obs",1962,"minimum",8.89166666666667
"919","air_obs",1963,"minimum",8.71428571428572
"920","air_obs",1964,"minimum",8.75833333333333
"921","air_obs",1965,"minimum",9.35
"922","air_obs",1966,"minimum",9.08333333333333
"923","air_obs",1967,"minimum",9.31666666666667
"924","air_obs",1968,"minimum",9.45
"925","air_obs",1969,"minimum",9.04166666666667
"926","air_obs",1970,"minimum",9.21666666666667
"927","air_obs",1971,"minimum",8.8
"928","air_obs",1972,"minimum",8.93333333333333
"929","air_obs",1973,"minimum",9.25833333333333
"930","air_obs",1974,"minimum",8.84166666666667
"931","air_obs",1975,"minimum",8.60833333333333
"932","air_obs",1976,"minimum",9.4
"933","air_obs",1977,"minimum",9.625
"934","air_obs",1978,"minimum",9.58333333333333
"935","air_obs",1979,"minimum",9.525
"936","air_obs",1980,"minimum",9.95
"937","air_obs",1981,"minimum",9.575
"938","air_obs",1982,"minimum",9.26666666666667
"939","air_obs",1983,"minimum",10.3545454545455
"940","air_obs",1984,"minimum",10.3583333333333
"941","air_obs",1985,"minimum",8.93333333333333
"942","air_obs",1986,"minimum",10.9166666666667
"943","air_obs",1987,"minimum",10.1333333333333
"944","air_obs",1988,"minimum",9.625
"945","air_obs",1989,"minimum",9.625
"946","air_obs",1990,"minimum",9.48333333333333
"947","air_obs",1991,"minimum",10.175
"948","air_obs",1992,"minimum",11.8
"949","air_obs",1993,"minimum",11.0083333333333
"950","air_obs",1994,"minimum",10.1416666666667
"951","air_obs",1995,"minimum",10.425
"952","air_obs",1996,"minimum",10.0833333333333
"953","air_obs",1997,"minimum",10.55
"954","air_obs",1998,"minimum",9.475
"955","air_obs",1999,"minimum",9.21666666666667
"956","air_obs",2000,"minimum",9.775
"957","air_obs",2001,"minimum",9.225
"958","air_obs",2002,"minimum",8.89166666666667
"959","air_obs",2003,"minimum",9.81666666666667
"960","air_obs",2004,"minimum",9.80833333333333
"961","air_obs",2005,"minimum",10.0833333333333
"962","air_obs",2006,"minimum",8.70833333333333
"963","air_obs",2007,"minimum",8.8
"964","air_obs",2008,"minimum",8.89166666666667
"965","air_obs",2009,"minimum",9.03333333333333
"966","air_obs",2010,"minimum",8.99166666666667
"967","precip",1951,"minimum",0.0423333333333333
"968","precip",1952,"minimum",0
"969","precip",1953,"minimum",0
"970","precip",1954,"minimum",0
"971","precip",1955,"minimum",0.0211666666666667
"972","precip",1956,"minimum",0
"973","precip",1957,"minimum",0
"974","precip",1958,"minimum",0
"975","precip",1959,"minimum",0
"976","precip",1960,"minimum",0
"977","precip",1961,"minimum",0
"978","precip",1962,"minimum",0
"979","precip",1963,"minimum",0.0211666666666667
"980","precip",1964,"minimum",0
"981","precip",1965,"minimum",0
"982","precip",1966,"minimum",0
"983","precip",1967,"minimum",0
"984","precip",1968,"minimum",0
"985","precip",1969,"minimum",0
"986","precip",1970,"minimum",0
"987","precip",1971,"minimum",0
"988","precip",1972,"minimum",0
"989","precip",1973,"minimum",0
"990","precip",1974,"minimum",0
"991","precip",1975,"minimum",0
"992","precip",1976,"minimum",0
"993","precip",1977,"minimum",0
"994","precip",1978,"minimum",0
"995","precip",1979,"minimum",0
"996","precip",1980,"minimum",0
"997","precip",1981,"minimum",0
"998","precip",1982,"minimum",0
"999","precip",1983,"minimum",0
"1000","precip",1984,"minimum",0
"1001","precip",1985,"minimum",0
"1002","precip",1986,"minimum",0
"1003","precip",1987,"minimum",0
"1004","precip",1988,"minimum",0
"1005","precip",1989,"minimum",0
"1006","precip",1990,"minimum",0
"1007","precip",1991,"minimum",0
"1008","precip",1992,"minimum",0
"1009","precip",1993,"minimum",0
"1010","precip",1994,"minimum",0
"1011","precip",1995,"minimum",0
"1012","precip",1996,"minimum",0
"1013","precip",1997,"minimum",0
"1014","precip",1998,"minimum",0
"1015","precip",1999,"minimum",0
"1016","precip",2000,"minimum",0
"1017","precip",2001,"minimum",0
"1018","precip",2002,"minimum",0
"1019","precip",2003,"minimum",0
"1020","precip",2004,"minimum",0
"1021","precip",2005,"minimum",0
"1022","precip",2006,"minimum",0
"1023","precip",2007,"minimum",0
"1024","precip",2008,"minimum",0
"1025","precip",2009,"minimum",0
"1026","precip",2010,"minimum",0
"1027","precip",2011,"minimum",0
"1028","precip",2012,"minimum",0
"1029","precip",2013,"minimum",0
"1030","precip",2014,"minimum",0
"1031","precip",2015,"minimum",0
"1032","precip",2016,"minimum",0
