"","row","species","sp","site","era","date","nest1","nest2","nest3","nest3note","sampleUnit","size1mm","habitat","tideHTm","lat","long","Shaw_hab","notes","notes2","year"
"1",1,"Lottia.digitalis","LODI","areaA","past",1950-07-01,"zone1",NA,NA,NA,"3x2ft_rect",8.6,NA,7.5,"36.62192N","121.90527W",NA,"","",1950
"2",2,"Lottia.digitalis","LODI","areaA","past",1950-07-01,"zone1",NA,NA,NA,"3x2ft_rect",8.9,NA,7.5,"36.62192N","121.90527W",NA,"","",1950
"3",3,"Lottia.digitalis","LODI","areaA","past",1950-07-01,"zone1",NA,NA,NA,"3x2ft_rect",9.2,NA,7.5,"36.62192N","121.90527W",NA,"","",1950
"4",4,"Lottia.digitalis","LODI","areaA","past",1950-07-01,"zone1",NA,NA,NA,"3x2ft_rect",11,NA,7.5,"36.62192N","121.90527W",NA,"","",1950
"5",5,"Lottia.digitalis","LODI","areaA","past",1950-07-01,"zone1",NA,NA,NA,"3x2ft_rect",11.3,NA,7.5,"36.62192N","121.90527W",NA,"","",1950
"6",6,"Lottia.digitalis","LODI","areaA","past",1950-07-01,"zone1",NA,NA,NA,"3x2ft_rect",12.6,NA,7.5,"36.62192N","121.90527W",NA,"","",1950
"7",7,"Lottia.digitalis","LODI","areaA","past",1950-07-01,"zone1",NA,NA,NA,"3x2ft_rect",12.9,NA,7.5,"36.62192N","121.90527W",NA,"","",1950
"8",8,"Lottia.digitalis","LODI","areaA","past",1950-07-01,"zone1",NA,NA,NA,"3x2ft_rect",12.9,NA,7.5,"36.62192N","121.90527W",NA,"","",1950
"9",9,"Lottia.digitalis","LODI","areaA","past",1950-07-01,"zone1",NA,NA,NA,"3x2ft_rect",13,NA,7.5,"36.62192N","121.90527W",NA,"","",1950
"10",10,"Lottia.digitalis","LODI","areaA","past",1950-07-01,"zone1",NA,NA,NA,"3x2ft_rect",13,NA,7.5,"36.62192N","121.90527W",NA,"","",1950
"11",11,"Lottia.digitalis","LODI","areaA","past",1950-07-01,"zone1",NA,NA,NA,"3x2ft_rect",13,NA,7.5,"36.62192N","121.90527W",NA,"","",1950
"12",12,"Lottia.digitalis","LODI","areaA","past",1950-07-01,"zone1",NA,NA,NA,"3x2ft_rect",13,NA,7.5,"36.62192N","121.90527W",NA,"","",1950
"13",13,"Lottia.digitalis","LODI","areaA","past",1950-07-01,"zone1",NA,NA,NA,"3x2ft_rect",13,NA,7.5,"36.62192N","121.90527W",NA,"","",1950
"14",14,"Lottia.digitalis","LODI","areaA","past",1950-07-01,"zone1",NA,NA,NA,"3x2ft_rect",13.2,NA,7.5,"36.62192N","121.90527W",NA,"","",1950
"15",15,"Lottia.digitalis","LODI","areaA","past",1950-07-01,"zone1",NA,NA,NA,"3x2ft_rect",13.5,NA,7.5,"36.62192N","121.90527W",NA,"","",1950
"16",16,"Lottia.digitalis","LODI","areaA","past",1950-07-01,"zone1",NA,NA,NA,"3x2ft_rect",13.9,NA,7.5,"36.62192N","121.90527W",NA,"","",1950
"17",17,"Lottia.digitalis","LODI","areaA","past",1950-07-01,"zone1",NA,NA,NA,"3x2ft_rect",14,NA,7.5,"36.62192N","121.90527W",NA,"","",1950
"18",18,"Lottia.digitalis","LODI","areaA","past",1950-07-01,"zone1",NA,NA,NA,"3x2ft_rect",14.1,NA,7.5,"36.62192N","121.90527W",NA,"","",1950
"19",19,"Lottia.digitalis","LODI","areaA","past",1950-07-01,"zone1",NA,NA,NA,"3x2ft_rect",14.6,NA,7.5,"36.62192N","121.90527W",NA,"","",1950
"20",20,"Lottia.digitalis","LODI","areaA","past",1950-07-01,"zone1",NA,NA,NA,"3x2ft_rect",14.7,NA,7.5,"36.62192N","121.90527W",NA,"","",1950
"21",21,"Lottia.digitalis","LODI","areaA","past",1950-07-01,"zone1",NA,NA,NA,"3x2ft_rect",14.8,NA,7.5,"36.62192N","121.90527W",NA,"","",1950
"22",22,"Lottia.digitalis","LODI","areaA","past",1950-07-01,"zone1",NA,NA,NA,"3x2ft_rect",14.8,NA,7.5,"36.62192N","121.90527W",NA,"","",1950
"23",23,"Lottia.digitalis","LODI","areaA","past",1950-07-01,"zone1",NA,NA,NA,"3x2ft_rect",14.8,NA,7.5,"36.62192N","121.90527W",NA,"","",1950
"24",24,"Lottia.digitalis","LODI","areaA","past",1950-07-01,"zone2",NA,NA,NA,"3x2ft_rect",9,NA,6,"36.62192N","121.90527W",NA,"","",1950
"25",25,"Lottia.digitalis","LODI","areaA","past",1950-07-01,"zone2",NA,NA,NA,"3x2ft_rect",9.8,NA,6,"36.62192N","121.90527W",NA,"","",1950
"26",26,"Lottia.digitalis","LODI","areaA","past",1950-07-01,"zone2",NA,NA,NA,"3x2ft_rect",10,NA,6,"36.62192N","121.90527W",NA,"","",1950
"27",27,"Lottia.digitalis","LODI","areaA","past",1950-07-01,"zone2",NA,NA,NA,"3x2ft_rect",10.8,NA,6,"36.62192N","121.90527W",NA,"","",1950
"28",28,"Lottia.digitalis","LODI","areaA","past",1950-07-01,"zone2",NA,NA,NA,"3x2ft_rect",11,NA,6,"36.62192N","121.90527W",NA,"","",1950
"29",29,"Lottia.digitalis","LODI","areaA","past",1950-07-01,"zone2",NA,NA,NA,"3x2ft_rect",11.4,NA,6,"36.62192N","121.90527W",NA,"","",1950
"30",30,"Lottia.digitalis","LODI","areaA","past",1950-07-01,"zone2",NA,NA,NA,"3x2ft_rect",11.6,NA,6,"36.62192N","121.90527W",NA,"","",1950
"31",31,"Lottia.digitalis","LODI","areaA","past",1950-07-01,"zone2",NA,NA,NA,"3x2ft_rect",11.8,NA,6,"36.62192N","121.90527W",NA,"","",1950
"32",32,"Lottia.digitalis","LODI","areaA","past",1950-07-01,"zone2",NA,NA,NA,"3x2ft_rect",11.9,NA,6,"36.62192N","121.90527W",NA,"","",1950
"33",33,"Lottia.digitalis","LODI","areaA","past",1950-07-01,"zone2",NA,NA,NA,"3x2ft_rect",11.9,NA,6,"36.62192N","121.90527W",NA,"","",1950
"34",34,"Lottia.digitalis","LODI","areaA","past",1950-07-01,"zone2",NA,NA,NA,"3x2ft_rect",12,NA,6,"36.62192N","121.90527W",NA,"","",1950
"35",35,"Lottia.digitalis","LODI","areaA","past",1950-07-01,"zone2",NA,NA,NA,"3x2ft_rect",12,NA,6,"36.62192N","121.90527W",NA,"","",1950
"36",36,"Lottia.digitalis","LODI","areaA","past",1950-07-01,"zone2",NA,NA,NA,"3x2ft_rect",12,NA,6,"36.62192N","121.90527W",NA,"","",1950
"37",37,"Lottia.digitalis","LODI","areaA","past",1950-07-01,"zone2",NA,NA,NA,"3x2ft_rect",12,NA,6,"36.62192N","121.90527W",NA,"","",1950
"38",38,"Lottia.digitalis","LODI","areaA","past",1950-07-01,"zone2",NA,NA,NA,"3x2ft_rect",12,NA,6,"36.62192N","121.90527W",NA,"","",1950
"39",39,"Lottia.digitalis","LODI","areaA","past",1950-07-01,"zone2",NA,NA,NA,"3x2ft_rect",12.1,NA,6,"36.62192N","121.90527W",NA,"","",1950
"40",40,"Lottia.digitalis","LODI","areaA","past",1950-07-01,"zone2",NA,NA,NA,"3x2ft_rect",12.1,NA,6,"36.62192N","121.90527W",NA,"","",1950
"41",41,"Lottia.digitalis","LODI","areaA","past",1950-07-01,"zone2",NA,NA,NA,"3x2ft_rect",12.1,NA,6,"36.62192N","121.90527W",NA,"","",1950
"42",42,"Lottia.digitalis","LODI","areaA","past",1950-07-01,"zone2",NA,NA,NA,"3x2ft_rect",12.4,NA,6,"36.62192N","121.90527W",NA,"","",1950
"43",43,"Lottia.digitalis","LODI","areaA","past",1950-07-01,"zone2",NA,NA,NA,"3x2ft_rect",12.4,NA,6,"36.62192N","121.90527W",NA,"","",1950
"44",44,"Lottia.digitalis","LODI","areaA","past",1950-07-01,"zone2",NA,NA,NA,"3x2ft_rect",12.5,NA,6,"36.62192N","121.90527W",NA,"","",1950
"45",45,"Lottia.digitalis","LODI","areaA","past",1950-07-01,"zone2",NA,NA,NA,"3x2ft_rect",12.5,NA,6,"36.62192N","121.90527W",NA,"","",1950
"46",46,"Lottia.digitalis","LODI","areaA","past",1950-07-01,"zone2",NA,NA,NA,"3x2ft_rect",12.6,NA,6,"36.62192N","121.90527W",NA,"","",1950
"47",47,"Lottia.digitalis","LODI","areaA","past",1950-07-01,"zone2",NA,NA,NA,"3x2ft_rect",12.6,NA,6,"36.62192N","121.90527W",NA,"","",1950
"48",48,"Lottia.digitalis","LODI","areaA","past",1950-07-01,"zone2",NA,NA,NA,"3x2ft_rect",12.7,NA,6,"36.62192N","121.90527W",NA,"","",1950
"49",49,"Lottia.digitalis","LODI","areaA","past",1950-07-01,"zone2",NA,NA,NA,"3x2ft_rect",12.7,NA,6,"36.62192N","121.90527W",NA,"","",1950
"50",50,"Lottia.digitalis","LODI","areaA","past",1950-07-01,"zone2",NA,NA,NA,"3x2ft_rect",12.7,NA,6,"36.62192N","121.90527W",NA,"","",1950
"51",51,"Lottia.digitalis","LODI","areaA","past",1950-07-01,"zone2",NA,NA,NA,"3x2ft_rect",12.8,NA,6,"36.62192N","121.90527W",NA,"","",1950
"52",52,"Lottia.digitalis","LODI","areaA","past",1950-07-01,"zone2",NA,NA,NA,"3x2ft_rect",12.8,NA,6,"36.62192N","121.90527W",NA,"","",1950
"53",53,"Lottia.digitalis","LODI","areaA","past",1950-07-01,"zone2",NA,NA,NA,"3x2ft_rect",12.8,NA,6,"36.62192N","121.90527W",NA,"","",1950
"54",54,"Lottia.digitalis","LODI","areaA","past",1950-07-01,"zone2",NA,NA,NA,"3x2ft_rect",12.9,NA,6,"36.62192N","121.90527W",NA,"","",1950
"55",55,"Lottia.digitalis","LODI","areaA","past",1950-07-01,"zone2",NA,NA,NA,"3x2ft_rect",12.9,NA,6,"36.62192N","121.90527W",NA,"","",1950
"56",56,"Lottia.digitalis","LODI","areaA","past",1950-07-01,"zone2",NA,NA,NA,"3x2ft_rect",12.9,NA,6,"36.62192N","121.90527W",NA,"","",1950
"57",57,"Lottia.digitalis","LODI","areaA","past",1950-07-01,"zone2",NA,NA,NA,"3x2ft_rect",12.9,NA,6,"36.62192N","121.90527W",NA,"","",1950
"58",58,"Lottia.digitalis","LODI","areaA","past",1950-07-01,"zone2",NA,NA,NA,"3x2ft_rect",13,NA,6,"36.62192N","121.90527W",NA,"","",1950
"59",59,"Lottia.digitalis","LODI","areaA","past",1950-07-01,"zone2",NA,NA,NA,"3x2ft_rect",13,NA,6,"36.62192N","121.90527W",NA,"","",1950
"60",60,"Lottia.digitalis","LODI","areaA","past",1950-07-01,"zone2",NA,NA,NA,"3x2ft_rect",13,NA,6,"36.62192N","121.90527W",NA,"","",1950
"61",61,"Lottia.digitalis","LODI","areaA","past",1950-07-01,"zone2",NA,NA,NA,"3x2ft_rect",13,NA,6,"36.62192N","121.90527W",NA,"","",1950
"62",62,"Lottia.digitalis","LODI","areaA","past",1950-07-01,"zone2",NA,NA,NA,"3x2ft_rect",13,NA,6,"36.62192N","121.90527W",NA,"","",1950
"63",63,"Lottia.digitalis","LODI","areaA","past",1950-07-01,"zone2",NA,NA,NA,"3x2ft_rect",13,NA,6,"36.62192N","121.90527W",NA,"","",1950
"64",64,"Lottia.digitalis","LODI","areaA","past",1950-07-01,"zone2",NA,NA,NA,"3x2ft_rect",13.1,NA,6,"36.62192N","121.90527W",NA,"","",1950
"65",65,"Lottia.digitalis","LODI","areaA","past",1950-07-01,"zone2",NA,NA,NA,"3x2ft_rect",13.1,NA,6,"36.62192N","121.90527W",NA,"","",1950
"66",66,"Lottia.digitalis","LODI","areaA","past",1950-07-01,"zone2",NA,NA,NA,"3x2ft_rect",13.1,NA,6,"36.62192N","121.90527W",NA,"","",1950
"67",67,"Lottia.digitalis","LODI","areaA","past",1950-07-01,"zone2",NA,NA,NA,"3x2ft_rect",13.1,NA,6,"36.62192N","121.90527W",NA,"","",1950
"68",68,"Lottia.digitalis","LODI","areaA","past",1950-07-01,"zone2",NA,NA,NA,"3x2ft_rect",13.2,NA,6,"36.62192N","121.90527W",NA,"","",1950
"69",69,"Lottia.digitalis","LODI","areaA","past",1950-07-01,"zone2",NA,NA,NA,"3x2ft_rect",13.3,NA,6,"36.62192N","121.90527W",NA,"","",1950
"70",70,"Lottia.digitalis","LODI","areaA","past",1950-07-01,"zone2",NA,NA,NA,"3x2ft_rect",13.3,NA,6,"36.62192N","121.90527W",NA,"","",1950
"71",71,"Lottia.digitalis","LODI","areaA","past",1950-07-01,"zone2",NA,NA,NA,"3x2ft_rect",13.7,NA,6,"36.62192N","121.90527W",NA,"","",1950
"72",72,"Lottia.digitalis","LODI","areaA","past",1950-07-01,"zone2",NA,NA,NA,"3x2ft_rect",13.7,NA,6,"36.62192N","121.90527W",NA,"","",1950
"73",73,"Lottia.digitalis","LODI","areaA","past",1950-07-01,"zone2",NA,NA,NA,"3x2ft_rect",13.8,NA,6,"36.62192N","121.90527W",NA,"","",1950
"74",74,"Lottia.digitalis","LODI","areaA","past",1950-07-01,"zone2",NA,NA,NA,"3x2ft_rect",14,NA,6,"36.62192N","121.90527W",NA,"","",1950
"75",75,"Lottia.digitalis","LODI","areaA","past",1950-07-01,"zone2",NA,NA,NA,"3x2ft_rect",14,NA,6,"36.62192N","121.90527W",NA,"","",1950
"76",76,"Lottia.digitalis","LODI","areaA","past",1950-07-01,"zone2",NA,NA,NA,"3x2ft_rect",14,NA,6,"36.62192N","121.90527W",NA,"","",1950
"77",77,"Lottia.digitalis","LODI","areaA","past",1950-07-01,"zone2",NA,NA,NA,"3x2ft_rect",14,NA,6,"36.62192N","121.90527W",NA,"","",1950
"78",78,"Lottia.digitalis","LODI","areaA","past",1950-07-01,"zone2",NA,NA,NA,"3x2ft_rect",15.8,NA,6,"36.62192N","121.90527W",NA,"","",1950
"79",79,"Lottia.digitalis","LODI","areaA","past",1950-07-01,"zone2",NA,NA,NA,"3x2ft_rect",17.2,NA,6,"36.62192N","121.90527W",NA,"","",1950
"80",80,"Lottia.digitalis","LODI","areaA","past",1950-07-01,"zone3",NA,NA,NA,"3x2ft_rect",9,NA,4.5,"36.62192N","121.90527W",NA,"","",1950
"81",81,"Lottia.digitalis","LODI","areaA","past",1950-07-01,"zone3",NA,NA,NA,"3x2ft_rect",10,NA,4.5,"36.62192N","121.90527W",NA,"","",1950
"82",82,"Lottia.digitalis","LODI","areaA","past",1950-07-01,"zone3",NA,NA,NA,"3x2ft_rect",10.1,NA,4.5,"36.62192N","121.90527W",NA,"","",1950
"83",83,"Lottia.digitalis","LODI","areaA","past",1950-07-01,"zone3",NA,NA,NA,"3x2ft_rect",10.9,NA,4.5,"36.62192N","121.90527W",NA,"","",1950
"84",84,"Lottia.digitalis","LODI","areaA","past",1950-07-01,"zone3",NA,NA,NA,"3x2ft_rect",11,NA,4.5,"36.62192N","121.90527W",NA,"","",1950
"85",85,"Lottia.digitalis","LODI","areaA","past",1950-07-01,"zone3",NA,NA,NA,"3x2ft_rect",11,NA,4.5,"36.62192N","121.90527W",NA,"","",1950
"86",86,"Lottia.digitalis","LODI","areaA","past",1950-07-01,"zone3",NA,NA,NA,"3x2ft_rect",11,NA,4.5,"36.62192N","121.90527W",NA,"","",1950
"87",87,"Lottia.digitalis","LODI","areaA","past",1950-07-01,"zone3",NA,NA,NA,"3x2ft_rect",11,NA,4.5,"36.62192N","121.90527W",NA,"","",1950
"88",88,"Lottia.digitalis","LODI","areaA","past",1950-07-01,"zone3",NA,NA,NA,"3x2ft_rect",11.1,NA,4.5,"36.62192N","121.90527W",NA,"","",1950
"89",89,"Lottia.digitalis","LODI","areaA","past",1950-07-01,"zone3",NA,NA,NA,"3x2ft_rect",11.7,NA,4.5,"36.62192N","121.90527W",NA,"","",1950
"90",90,"Lottia.digitalis","LODI","areaA","past",1950-07-01,"zone3",NA,NA,NA,"3x2ft_rect",11.8,NA,4.5,"36.62192N","121.90527W",NA,"","",1950
"91",91,"Lottia.digitalis","LODI","areaA","past",1950-07-01,"zone3",NA,NA,NA,"3x2ft_rect",11.9,NA,4.5,"36.62192N","121.90527W",NA,"","",1950
"92",92,"Lottia.digitalis","LODI","areaA","past",1950-07-01,"zone3",NA,NA,NA,"3x2ft_rect",12.6,NA,4.5,"36.62192N","121.90527W",NA,"","",1950
"93",93,"Lottia.digitalis","LODI","areaA","past",1950-07-01,"zone3",NA,NA,NA,"3x2ft_rect",12.9,NA,4.5,"36.62192N","121.90527W",NA,"","",1950
"94",94,"Lottia.digitalis","LODI","areaA","past",1950-07-01,"zone3",NA,NA,NA,"3x2ft_rect",13,NA,4.5,"36.62192N","121.90527W",NA,"","",1950
"95",95,"Lottia.digitalis","LODI","areaA","past",1950-07-01,"zone3",NA,NA,NA,"3x2ft_rect",13,NA,4.5,"36.62192N","121.90527W",NA,"","",1950
"96",96,"Lottia.digitalis","LODI","areaA","past",1950-07-01,"zone3",NA,NA,NA,"3x2ft_rect",13.2,NA,4.5,"36.62192N","121.90527W",NA,"","",1950
"97",97,"Lottia.digitalis","LODI","areaA","past",1950-07-01,"zone3",NA,NA,NA,"3x2ft_rect",13.3,NA,4.5,"36.62192N","121.90527W",NA,"","",1950
"98",98,"Lottia.digitalis","LODI","areaA","past",1950-07-01,"zone3",NA,NA,NA,"3x2ft_rect",13.6,NA,4.5,"36.62192N","121.90527W",NA,"","",1950
"99",99,"Lottia.digitalis","LODI","areaA","past",1950-07-01,"zone3",NA,NA,NA,"3x2ft_rect",13.7,NA,4.5,"36.62192N","121.90527W",NA,"","",1950
"100",100,"Lottia.digitalis","LODI","areaA","past",1950-07-01,"zone3",NA,NA,NA,"3x2ft_rect",13.8,NA,4.5,"36.62192N","121.90527W",NA,"","",1950
"101",101,"Lottia.digitalis","LODI","areaA","past",1950-07-01,"zone3",NA,NA,NA,"3x2ft_rect",13.9,NA,4.5,"36.62192N","121.90527W",NA,"","",1950
"102",102,"Lottia.digitalis","LODI","areaA","past",1950-07-01,"zone3",NA,NA,NA,"3x2ft_rect",15,NA,4.5,"36.62192N","121.90527W",NA,"","",1950
"103",103,"Lottia.digitalis","LODI","areaA","past",1950-07-01,"zone3",NA,NA,NA,"3x2ft_rect",16,NA,4.5,"36.62192N","121.90527W",NA,"","",1950
"104",104,"Lottia.digitalis","LODI","areaA","past",1950-07-01,"zone3",NA,NA,NA,"3x2ft_rect",17.8,NA,4.5,"36.62192N","121.90527W",NA,"","",1950
"105",105,"Lottia.digitalis","LODI","areaB","past",1950-07-01,"zone1",NA,NA,NA,"3x2ft_rect",10.8,NA,7.5,"36.62188N","121.90514W",NA,"","",1950
"106",106,"Lottia.digitalis","LODI","areaB","past",1950-07-01,"zone1",NA,NA,NA,"3x2ft_rect",11.5,NA,7.5,"36.62188N","121.90514W",NA,"","",1950
"107",107,"Lottia.digitalis","LODI","areaB","past",1950-07-01,"zone1",NA,NA,NA,"3x2ft_rect",11.7,NA,7.5,"36.62188N","121.90514W",NA,"","",1950
"108",108,"Lottia.digitalis","LODI","areaB","past",1950-07-01,"zone1",NA,NA,NA,"3x2ft_rect",11.8,NA,7.5,"36.62188N","121.90514W",NA,"","",1950
"109",109,"Lottia.digitalis","LODI","areaB","past",1950-07-01,"zone1",NA,NA,NA,"3x2ft_rect",12,NA,7.5,"36.62188N","121.90514W",NA,"","",1950
"110",110,"Lottia.digitalis","LODI","areaB","past",1950-07-01,"zone1",NA,NA,NA,"3x2ft_rect",12.1,NA,7.5,"36.62188N","121.90514W",NA,"","",1950
"111",111,"Lottia.digitalis","LODI","areaB","past",1950-07-01,"zone1",NA,NA,NA,"3x2ft_rect",12.4,NA,7.5,"36.62188N","121.90514W",NA,"","",1950
"112",112,"Lottia.digitalis","LODI","areaB","past",1950-07-01,"zone1",NA,NA,NA,"3x2ft_rect",12.5,NA,7.5,"36.62188N","121.90514W",NA,"","",1950
"113",113,"Lottia.digitalis","LODI","areaB","past",1950-07-01,"zone1",NA,NA,NA,"3x2ft_rect",12.6,NA,7.5,"36.62188N","121.90514W",NA,"","",1950
"114",114,"Lottia.digitalis","LODI","areaB","past",1950-07-01,"zone1",NA,NA,NA,"3x2ft_rect",12.8,NA,7.5,"36.62188N","121.90514W",NA,"","",1950
"115",115,"Lottia.digitalis","LODI","areaB","past",1950-07-01,"zone1",NA,NA,NA,"3x2ft_rect",12.8,NA,7.5,"36.62188N","121.90514W",NA,"","",1950
"116",116,"Lottia.digitalis","LODI","areaB","past",1950-07-01,"zone1",NA,NA,NA,"3x2ft_rect",12.8,NA,7.5,"36.62188N","121.90514W",NA,"","",1950
"117",117,"Lottia.digitalis","LODI","areaB","past",1950-07-01,"zone1",NA,NA,NA,"3x2ft_rect",12.8,NA,7.5,"36.62188N","121.90514W",NA,"","",1950
"118",118,"Lottia.digitalis","LODI","areaB","past",1950-07-01,"zone1",NA,NA,NA,"3x2ft_rect",13,NA,7.5,"36.62188N","121.90514W",NA,"","",1950
"119",119,"Lottia.digitalis","LODI","areaB","past",1950-07-01,"zone1",NA,NA,NA,"3x2ft_rect",13.1,NA,7.5,"36.62188N","121.90514W",NA,"","",1950
"120",120,"Lottia.digitalis","LODI","areaB","past",1950-07-01,"zone1",NA,NA,NA,"3x2ft_rect",13.1,NA,7.5,"36.62188N","121.90514W",NA,"","",1950
"121",121,"Lottia.digitalis","LODI","areaB","past",1950-07-01,"zone1",NA,NA,NA,"3x2ft_rect",13.3,NA,7.5,"36.62188N","121.90514W",NA,"","",1950
"122",122,"Lottia.digitalis","LODI","areaB","past",1950-07-01,"zone1",NA,NA,NA,"3x2ft_rect",13.3,NA,7.5,"36.62188N","121.90514W",NA,"","",1950
"123",123,"Lottia.digitalis","LODI","areaB","past",1950-07-01,"zone1",NA,NA,NA,"3x2ft_rect",13.4,NA,7.5,"36.62188N","121.90514W",NA,"","",1950
"124",124,"Lottia.digitalis","LODI","areaB","past",1950-07-01,"zone1",NA,NA,NA,"3x2ft_rect",13.5,NA,7.5,"36.62188N","121.90514W",NA,"","",1950
"125",125,"Lottia.digitalis","LODI","areaB","past",1950-07-01,"zone1",NA,NA,NA,"3x2ft_rect",13.6,NA,7.5,"36.62188N","121.90514W",NA,"","",1950
"126",126,"Lottia.digitalis","LODI","areaB","past",1950-07-01,"zone1",NA,NA,NA,"3x2ft_rect",13.8,NA,7.5,"36.62188N","121.90514W",NA,"","",1950
"127",127,"Lottia.digitalis","LODI","areaB","past",1950-07-01,"zone1",NA,NA,NA,"3x2ft_rect",13.8,NA,7.5,"36.62188N","121.90514W",NA,"","",1950
"128",128,"Lottia.digitalis","LODI","areaB","past",1950-07-01,"zone1",NA,NA,NA,"3x2ft_rect",13.8,NA,7.5,"36.62188N","121.90514W",NA,"","",1950
"129",129,"Lottia.digitalis","LODI","areaB","past",1950-07-01,"zone1",NA,NA,NA,"3x2ft_rect",13.8,NA,7.5,"36.62188N","121.90514W",NA,"","",1950
"130",130,"Lottia.digitalis","LODI","areaB","past",1950-07-01,"zone1",NA,NA,NA,"3x2ft_rect",13.8,NA,7.5,"36.62188N","121.90514W",NA,"","",1950
"131",131,"Lottia.digitalis","LODI","areaB","past",1950-07-01,"zone1",NA,NA,NA,"3x2ft_rect",13.8,NA,7.5,"36.62188N","121.90514W",NA,"","",1950
"132",132,"Lottia.digitalis","LODI","areaB","past",1950-07-01,"zone1",NA,NA,NA,"3x2ft_rect",14,NA,7.5,"36.62188N","121.90514W",NA,"","",1950
"133",133,"Lottia.digitalis","LODI","areaB","past",1950-07-01,"zone1",NA,NA,NA,"3x2ft_rect",14,NA,7.5,"36.62188N","121.90514W",NA,"","",1950
"134",134,"Lottia.digitalis","LODI","areaB","past",1950-07-01,"zone1",NA,NA,NA,"3x2ft_rect",14,NA,7.5,"36.62188N","121.90514W",NA,"","",1950
"135",135,"Lottia.digitalis","LODI","areaB","past",1950-07-01,"zone1",NA,NA,NA,"3x2ft_rect",14,NA,7.5,"36.62188N","121.90514W",NA,"","",1950
"136",136,"Lottia.digitalis","LODI","areaB","past",1950-07-01,"zone1",NA,NA,NA,"3x2ft_rect",14,NA,7.5,"36.62188N","121.90514W",NA,"","",1950
"137",137,"Lottia.digitalis","LODI","areaB","past",1950-07-01,"zone1",NA,NA,NA,"3x2ft_rect",14.1,NA,7.5,"36.62188N","121.90514W",NA,"","",1950
"138",138,"Lottia.digitalis","LODI","areaB","past",1950-07-01,"zone1",NA,NA,NA,"3x2ft_rect",14.1,NA,7.5,"36.62188N","121.90514W",NA,"","",1950
"139",139,"Lottia.digitalis","LODI","areaB","past",1950-07-01,"zone1",NA,NA,NA,"3x2ft_rect",14.3,NA,7.5,"36.62188N","121.90514W",NA,"","",1950
"140",140,"Lottia.digitalis","LODI","areaB","past",1950-07-01,"zone1",NA,NA,NA,"3x2ft_rect",14.5,NA,7.5,"36.62188N","121.90514W",NA,"","",1950
"141",141,"Lottia.digitalis","LODI","areaB","past",1950-07-01,"zone1",NA,NA,NA,"3x2ft_rect",15,NA,7.5,"36.62188N","121.90514W",NA,"","",1950
"142",142,"Lottia.digitalis","LODI","areaB","past",1950-07-01,"zone1",NA,NA,NA,"3x2ft_rect",15,NA,7.5,"36.62188N","121.90514W",NA,"","",1950
"143",143,"Lottia.digitalis","LODI","areaB","past",1950-07-01,"zone1",NA,NA,NA,"3x2ft_rect",15,NA,7.5,"36.62188N","121.90514W",NA,"","",1950
"144",144,"Lottia.digitalis","LODI","areaB","past",1950-07-01,"zone1",NA,NA,NA,"3x2ft_rect",15,NA,7.5,"36.62188N","121.90514W",NA,"","",1950
"145",145,"Lottia.digitalis","LODI","areaB","past",1950-07-01,"zone1",NA,NA,NA,"3x2ft_rect",15,NA,7.5,"36.62188N","121.90514W",NA,"","",1950
"146",146,"Lottia.digitalis","LODI","areaB","past",1950-07-01,"zone1",NA,NA,NA,"3x2ft_rect",15.1,NA,7.5,"36.62188N","121.90514W",NA,"","",1950
"147",147,"Lottia.digitalis","LODI","areaB","past",1950-07-01,"zone1",NA,NA,NA,"3x2ft_rect",15.2,NA,7.5,"36.62188N","121.90514W",NA,"","",1950
"148",148,"Lottia.digitalis","LODI","areaB","past",1950-07-01,"zone1",NA,NA,NA,"3x2ft_rect",15.2,NA,7.5,"36.62188N","121.90514W",NA,"","",1950
"149",149,"Lottia.digitalis","LODI","areaB","past",1950-07-01,"zone1",NA,NA,NA,"3x2ft_rect",15.2,NA,7.5,"36.62188N","121.90514W",NA,"","",1950
"150",150,"Lottia.digitalis","LODI","areaB","past",1950-07-01,"zone1",NA,NA,NA,"3x2ft_rect",15.2,NA,7.5,"36.62188N","121.90514W",NA,"","",1950
"151",151,"Lottia.digitalis","LODI","areaB","past",1950-07-01,"zone1",NA,NA,NA,"3x2ft_rect",15.5,NA,7.5,"36.62188N","121.90514W",NA,"","",1950
"152",152,"Lottia.digitalis","LODI","areaB","past",1950-07-01,"zone1",NA,NA,NA,"3x2ft_rect",15.6,NA,7.5,"36.62188N","121.90514W",NA,"","",1950
"153",153,"Lottia.digitalis","LODI","areaB","past",1950-07-01,"zone1",NA,NA,NA,"3x2ft_rect",15.7,NA,7.5,"36.62188N","121.90514W",NA,"","",1950
"154",154,"Lottia.digitalis","LODI","areaB","past",1950-07-01,"zone1",NA,NA,NA,"3x2ft_rect",15.8,NA,7.5,"36.62188N","121.90514W",NA,"","",1950
"155",155,"Lottia.digitalis","LODI","areaB","past",1950-07-01,"zone1",NA,NA,NA,"3x2ft_rect",15.8,NA,7.5,"36.62188N","121.90514W",NA,"","",1950
"156",156,"Lottia.digitalis","LODI","areaB","past",1950-07-01,"zone1",NA,NA,NA,"3x2ft_rect",15.9,NA,7.5,"36.62188N","121.90514W",NA,"","",1950
"157",157,"Lottia.digitalis","LODI","areaB","past",1950-07-01,"zone1",NA,NA,NA,"3x2ft_rect",15.9,NA,7.5,"36.62188N","121.90514W",NA,"","",1950
"158",158,"Lottia.digitalis","LODI","areaB","past",1950-07-01,"zone1",NA,NA,NA,"3x2ft_rect",16.2,NA,7.5,"36.62188N","121.90514W",NA,"","",1950
"159",159,"Lottia.digitalis","LODI","areaB","past",1950-07-01,"zone1",NA,NA,NA,"3x2ft_rect",16.5,NA,7.5,"36.62188N","121.90514W",NA,"","",1950
"160",160,"Lottia.digitalis","LODI","areaB","past",1950-07-01,"zone1",NA,NA,NA,"3x2ft_rect",16.7,NA,7.5,"36.62188N","121.90514W",NA,"","",1950
"161",161,"Lottia.digitalis","LODI","areaB","past",1950-07-01,"zone1",NA,NA,NA,"3x2ft_rect",16.9,NA,7.5,"36.62188N","121.90514W",NA,"","",1950
"162",162,"Lottia.digitalis","LODI","areaB","past",1950-07-01,"zone1",NA,NA,NA,"3x2ft_rect",17.3,NA,7.5,"36.62188N","121.90514W",NA,"","",1950
"163",163,"Lottia.digitalis","LODI","areaB","past",1950-07-01,"zone1",NA,NA,NA,"3x2ft_rect",18,NA,7.5,"36.62188N","121.90514W",NA,"","",1950
"164",164,"Lottia.digitalis","LODI","areaB","past",1950-07-01,"zone1",NA,NA,NA,"3x2ft_rect",19.2,NA,7.5,"36.62188N","121.90514W",NA,"","",1950
"165",165,"Lottia.digitalis","LODI","areaB","past",1950-07-01,"zone2",NA,NA,NA,"3x2ft_rect",7,NA,6,"36.62188N","121.90514W",NA,"","",1950
"166",166,"Lottia.digitalis","LODI","areaB","past",1950-07-01,"zone2",NA,NA,NA,"3x2ft_rect",7.7,NA,6,"36.62188N","121.90514W",NA,"","",1950
"167",167,"Lottia.digitalis","LODI","areaB","past",1950-07-01,"zone2",NA,NA,NA,"3x2ft_rect",8.1,NA,6,"36.62188N","121.90514W",NA,"","",1950
"168",168,"Lottia.digitalis","LODI","areaB","past",1950-07-01,"zone2",NA,NA,NA,"3x2ft_rect",8.1,NA,6,"36.62188N","121.90514W",NA,"","",1950
"169",169,"Lottia.digitalis","LODI","areaB","past",1950-07-01,"zone2",NA,NA,NA,"3x2ft_rect",8.2,NA,6,"36.62188N","121.90514W",NA,"","",1950
"170",170,"Lottia.digitalis","LODI","areaB","past",1950-07-01,"zone2",NA,NA,NA,"3x2ft_rect",8.3,NA,6,"36.62188N","121.90514W",NA,"","",1950
"171",171,"Lottia.digitalis","LODI","areaB","past",1950-07-01,"zone2",NA,NA,NA,"3x2ft_rect",8.4,NA,6,"36.62188N","121.90514W",NA,"","",1950
"172",172,"Lottia.digitalis","LODI","areaB","past",1950-07-01,"zone2",NA,NA,NA,"3x2ft_rect",8.5,NA,6,"36.62188N","121.90514W",NA,"","",1950
"173",173,"Lottia.digitalis","LODI","areaB","past",1950-07-01,"zone2",NA,NA,NA,"3x2ft_rect",8.6,NA,6,"36.62188N","121.90514W",NA,"","",1950
"174",174,"Lottia.digitalis","LODI","areaB","past",1950-07-01,"zone2",NA,NA,NA,"3x2ft_rect",8.6,NA,6,"36.62188N","121.90514W",NA,"","",1950
"175",175,"Lottia.digitalis","LODI","areaB","past",1950-07-01,"zone2",NA,NA,NA,"3x2ft_rect",8.7,NA,6,"36.62188N","121.90514W",NA,"","",1950
"176",176,"Lottia.digitalis","LODI","areaB","past",1950-07-01,"zone2",NA,NA,NA,"3x2ft_rect",8.8,NA,6,"36.62188N","121.90514W",NA,"","",1950
"177",177,"Lottia.digitalis","LODI","areaB","past",1950-07-01,"zone2",NA,NA,NA,"3x2ft_rect",8.8,NA,6,"36.62188N","121.90514W",NA,"","",1950
"178",178,"Lottia.digitalis","LODI","areaB","past",1950-07-01,"zone2",NA,NA,NA,"3x2ft_rect",8.8,NA,6,"36.62188N","121.90514W",NA,"","",1950
"179",179,"Lottia.digitalis","LODI","areaB","past",1950-07-01,"zone2",NA,NA,NA,"3x2ft_rect",8.8,NA,6,"36.62188N","121.90514W",NA,"","",1950
"180",180,"Lottia.digitalis","LODI","areaB","past",1950-07-01,"zone2",NA,NA,NA,"3x2ft_rect",8.8,NA,6,"36.62188N","121.90514W",NA,"","",1950
"181",181,"Lottia.digitalis","LODI","areaB","past",1950-07-01,"zone2",NA,NA,NA,"3x2ft_rect",8.9,NA,6,"36.62188N","121.90514W",NA,"","",1950
"182",182,"Lottia.digitalis","LODI","areaB","past",1950-07-01,"zone2",NA,NA,NA,"3x2ft_rect",8.9,NA,6,"36.62188N","121.90514W",NA,"","",1950
"183",183,"Lottia.digitalis","LODI","areaB","past",1950-07-01,"zone2",NA,NA,NA,"3x2ft_rect",8.9,NA,6,"36.62188N","121.90514W",NA,"","",1950
"184",184,"Lottia.digitalis","LODI","areaB","past",1950-07-01,"zone2",NA,NA,NA,"3x2ft_rect",8.9,NA,6,"36.62188N","121.90514W",NA,"","",1950
"185",185,"Lottia.digitalis","LODI","areaB","past",1950-07-01,"zone2",NA,NA,NA,"3x2ft_rect",9,NA,6,"36.62188N","121.90514W",NA,"","",1950
"186",186,"Lottia.digitalis","LODI","areaB","past",1950-07-01,"zone2",NA,NA,NA,"3x2ft_rect",9,NA,6,"36.62188N","121.90514W",NA,"","",1950
"187",187,"Lottia.digitalis","LODI","areaB","past",1950-07-01,"zone2",NA,NA,NA,"3x2ft_rect",9,NA,6,"36.62188N","121.90514W",NA,"","",1950
"188",188,"Lottia.digitalis","LODI","areaB","past",1950-07-01,"zone2",NA,NA,NA,"3x2ft_rect",9.1,NA,6,"36.62188N","121.90514W",NA,"","",1950
"189",189,"Lottia.digitalis","LODI","areaB","past",1950-07-01,"zone2",NA,NA,NA,"3x2ft_rect",9.1,NA,6,"36.62188N","121.90514W",NA,"","",1950
"190",190,"Lottia.digitalis","LODI","areaB","past",1950-07-01,"zone2",NA,NA,NA,"3x2ft_rect",9.2,NA,6,"36.62188N","121.90514W",NA,"","",1950
"191",191,"Lottia.digitalis","LODI","areaB","past",1950-07-01,"zone2",NA,NA,NA,"3x2ft_rect",9.2,NA,6,"36.62188N","121.90514W",NA,"","",1950
"192",192,"Lottia.digitalis","LODI","areaB","past",1950-07-01,"zone2",NA,NA,NA,"3x2ft_rect",9.2,NA,6,"36.62188N","121.90514W",NA,"","",1950
"193",193,"Lottia.digitalis","LODI","areaB","past",1950-07-01,"zone2",NA,NA,NA,"3x2ft_rect",9.3,NA,6,"36.62188N","121.90514W",NA,"","",1950
"194",194,"Lottia.digitalis","LODI","areaB","past",1950-07-01,"zone2",NA,NA,NA,"3x2ft_rect",9.3,NA,6,"36.62188N","121.90514W",NA,"","",1950
"195",195,"Lottia.digitalis","LODI","areaB","past",1950-07-01,"zone2",NA,NA,NA,"3x2ft_rect",9.4,NA,6,"36.62188N","121.90514W",NA,"","",1950
"196",196,"Lottia.digitalis","LODI","areaB","past",1950-07-01,"zone2",NA,NA,NA,"3x2ft_rect",9.7,NA,6,"36.62188N","121.90514W",NA,"","",1950
"197",197,"Lottia.digitalis","LODI","areaB","past",1950-07-01,"zone2",NA,NA,NA,"3x2ft_rect",9.7,NA,6,"36.62188N","121.90514W",NA,"","",1950
"198",198,"Lottia.digitalis","LODI","areaB","past",1950-07-01,"zone2",NA,NA,NA,"3x2ft_rect",9.8,NA,6,"36.62188N","121.90514W",NA,"","",1950
"199",199,"Lottia.digitalis","LODI","areaB","past",1950-07-01,"zone2",NA,NA,NA,"3x2ft_rect",9.8,NA,6,"36.62188N","121.90514W",NA,"","",1950
"200",200,"Lottia.digitalis","LODI","areaB","past",1950-07-01,"zone2",NA,NA,NA,"3x2ft_rect",9.8,NA,6,"36.62188N","121.90514W",NA,"","",1950
"201",201,"Lottia.digitalis","LODI","areaB","past",1950-07-01,"zone2",NA,NA,NA,"3x2ft_rect",10,NA,6,"36.62188N","121.90514W",NA,"","",1950
"202",202,"Lottia.digitalis","LODI","areaB","past",1950-07-01,"zone2",NA,NA,NA,"3x2ft_rect",10,NA,6,"36.62188N","121.90514W",NA,"","",1950
"203",203,"Lottia.digitalis","LODI","areaB","past",1950-07-01,"zone2",NA,NA,NA,"3x2ft_rect",10,NA,6,"36.62188N","121.90514W",NA,"","",1950
"204",204,"Lottia.digitalis","LODI","areaB","past",1950-07-01,"zone2",NA,NA,NA,"3x2ft_rect",10,NA,6,"36.62188N","121.90514W",NA,"","",1950
"205",205,"Lottia.digitalis","LODI","areaB","past",1950-07-01,"zone2",NA,NA,NA,"3x2ft_rect",10,NA,6,"36.62188N","121.90514W",NA,"","",1950
"206",206,"Lottia.digitalis","LODI","areaB","past",1950-07-01,"zone2",NA,NA,NA,"3x2ft_rect",10,NA,6,"36.62188N","121.90514W",NA,"","",1950
"207",207,"Lottia.digitalis","LODI","areaB","past",1950-07-01,"zone2",NA,NA,NA,"3x2ft_rect",10,NA,6,"36.62188N","121.90514W",NA,"","",1950
"208",208,"Lottia.digitalis","LODI","areaB","past",1950-07-01,"zone2",NA,NA,NA,"3x2ft_rect",10,NA,6,"36.62188N","121.90514W",NA,"","",1950
"209",209,"Lottia.digitalis","LODI","areaB","past",1950-07-01,"zone2",NA,NA,NA,"3x2ft_rect",10,NA,6,"36.62188N","121.90514W",NA,"","",1950
"210",210,"Lottia.digitalis","LODI","areaB","past",1950-07-01,"zone2",NA,NA,NA,"3x2ft_rect",10.1,NA,6,"36.62188N","121.90514W",NA,"","",1950
"211",211,"Lottia.digitalis","LODI","areaB","past",1950-07-01,"zone2",NA,NA,NA,"3x2ft_rect",10.2,NA,6,"36.62188N","121.90514W",NA,"","",1950
"212",212,"Lottia.digitalis","LODI","areaB","past",1950-07-01,"zone2",NA,NA,NA,"3x2ft_rect",10.3,NA,6,"36.62188N","121.90514W",NA,"","",1950
"213",213,"Lottia.digitalis","LODI","areaB","past",1950-07-01,"zone2",NA,NA,NA,"3x2ft_rect",10.4,NA,6,"36.62188N","121.90514W",NA,"","",1950
"214",214,"Lottia.digitalis","LODI","areaB","past",1950-07-01,"zone2",NA,NA,NA,"3x2ft_rect",10.4,NA,6,"36.62188N","121.90514W",NA,"","",1950
"215",215,"Lottia.digitalis","LODI","areaB","past",1950-07-01,"zone2",NA,NA,NA,"3x2ft_rect",10.4,NA,6,"36.62188N","121.90514W",NA,"","",1950
"216",216,"Lottia.digitalis","LODI","areaB","past",1950-07-01,"zone2",NA,NA,NA,"3x2ft_rect",10.5,NA,6,"36.62188N","121.90514W",NA,"","",1950
"217",217,"Lottia.digitalis","LODI","areaB","past",1950-07-01,"zone2",NA,NA,NA,"3x2ft_rect",10.8,NA,6,"36.62188N","121.90514W",NA,"","",1950
"218",218,"Lottia.digitalis","LODI","areaB","past",1950-07-01,"zone2",NA,NA,NA,"3x2ft_rect",10.9,NA,6,"36.62188N","121.90514W",NA,"","",1950
"219",219,"Lottia.digitalis","LODI","areaB","past",1950-07-01,"zone2",NA,NA,NA,"3x2ft_rect",10.9,NA,6,"36.62188N","121.90514W",NA,"","",1950
"220",220,"Lottia.digitalis","LODI","areaB","past",1950-07-01,"zone2",NA,NA,NA,"3x2ft_rect",10.9,NA,6,"36.62188N","121.90514W",NA,"","",1950
"221",221,"Lottia.digitalis","LODI","areaB","past",1950-07-01,"zone2",NA,NA,NA,"3x2ft_rect",11,NA,6,"36.62188N","121.90514W",NA,"","",1950
"222",222,"Lottia.digitalis","LODI","areaB","past",1950-07-01,"zone2",NA,NA,NA,"3x2ft_rect",11,NA,6,"36.62188N","121.90514W",NA,"","",1950
"223",223,"Lottia.digitalis","LODI","areaB","past",1950-07-01,"zone2",NA,NA,NA,"3x2ft_rect",11,NA,6,"36.62188N","121.90514W",NA,"","",1950
"224",224,"Lottia.digitalis","LODI","areaB","past",1950-07-01,"zone2",NA,NA,NA,"3x2ft_rect",11,NA,6,"36.62188N","121.90514W",NA,"","",1950
"225",225,"Lottia.digitalis","LODI","areaB","past",1950-07-01,"zone2",NA,NA,NA,"3x2ft_rect",11,NA,6,"36.62188N","121.90514W",NA,"","",1950
"226",226,"Lottia.digitalis","LODI","areaB","past",1950-07-01,"zone2",NA,NA,NA,"3x2ft_rect",11,NA,6,"36.62188N","121.90514W",NA,"","",1950
"227",227,"Lottia.digitalis","LODI","areaB","past",1950-07-01,"zone2",NA,NA,NA,"3x2ft_rect",11,NA,6,"36.62188N","121.90514W",NA,"","",1950
"228",228,"Lottia.digitalis","LODI","areaB","past",1950-07-01,"zone2",NA,NA,NA,"3x2ft_rect",11.1,NA,6,"36.62188N","121.90514W",NA,"","",1950
"229",229,"Lottia.digitalis","LODI","areaB","past",1950-07-01,"zone2",NA,NA,NA,"3x2ft_rect",11.1,NA,6,"36.62188N","121.90514W",NA,"","",1950
"230",230,"Lottia.digitalis","LODI","areaB","past",1950-07-01,"zone2",NA,NA,NA,"3x2ft_rect",11.2,NA,6,"36.62188N","121.90514W",NA,"","",1950
"231",231,"Lottia.digitalis","LODI","areaB","past",1950-07-01,"zone2",NA,NA,NA,"3x2ft_rect",11.2,NA,6,"36.62188N","121.90514W",NA,"","",1950
"232",232,"Lottia.digitalis","LODI","areaB","past",1950-07-01,"zone2",NA,NA,NA,"3x2ft_rect",11.2,NA,6,"36.62188N","121.90514W",NA,"","",1950
"233",233,"Lottia.digitalis","LODI","areaB","past",1950-07-01,"zone2",NA,NA,NA,"3x2ft_rect",11.4,NA,6,"36.62188N","121.90514W",NA,"","",1950
"234",234,"Lottia.digitalis","LODI","areaB","past",1950-07-01,"zone2",NA,NA,NA,"3x2ft_rect",11.5,NA,6,"36.62188N","121.90514W",NA,"","",1950
"235",235,"Lottia.digitalis","LODI","areaB","past",1950-07-01,"zone2",NA,NA,NA,"3x2ft_rect",11.8,NA,6,"36.62188N","121.90514W",NA,"","",1950
"236",236,"Lottia.digitalis","LODI","areaB","past",1950-07-01,"zone2",NA,NA,NA,"3x2ft_rect",11.8,NA,6,"36.62188N","121.90514W",NA,"","",1950
"237",237,"Lottia.digitalis","LODI","areaB","past",1950-07-01,"zone2",NA,NA,NA,"3x2ft_rect",11.9,NA,6,"36.62188N","121.90514W",NA,"","",1950
"238",238,"Lottia.digitalis","LODI","areaB","past",1950-07-01,"zone2",NA,NA,NA,"3x2ft_rect",12,NA,6,"36.62188N","121.90514W",NA,"","",1950
"239",239,"Lottia.digitalis","LODI","areaB","past",1950-07-01,"zone2",NA,NA,NA,"3x2ft_rect",12,NA,6,"36.62188N","121.90514W",NA,"","",1950
"240",240,"Lottia.digitalis","LODI","areaB","past",1950-07-01,"zone2",NA,NA,NA,"3x2ft_rect",12,NA,6,"36.62188N","121.90514W",NA,"","",1950
"241",241,"Lottia.digitalis","LODI","areaB","past",1950-07-01,"zone2",NA,NA,NA,"3x2ft_rect",12,NA,6,"36.62188N","121.90514W",NA,"","",1950
"242",242,"Lottia.digitalis","LODI","areaB","past",1950-07-01,"zone2",NA,NA,NA,"3x2ft_rect",12,NA,6,"36.62188N","121.90514W",NA,"","",1950
"243",243,"Lottia.digitalis","LODI","areaB","past",1950-07-01,"zone2",NA,NA,NA,"3x2ft_rect",12,NA,6,"36.62188N","121.90514W",NA,"","",1950
"244",244,"Lottia.digitalis","LODI","areaB","past",1950-07-01,"zone2",NA,NA,NA,"3x2ft_rect",12,NA,6,"36.62188N","121.90514W",NA,"","",1950
"245",245,"Lottia.digitalis","LODI","areaB","past",1950-07-01,"zone2",NA,NA,NA,"3x2ft_rect",12.1,NA,6,"36.62188N","121.90514W",NA,"","",1950
"246",246,"Lottia.digitalis","LODI","areaB","past",1950-07-01,"zone2",NA,NA,NA,"3x2ft_rect",12.1,NA,6,"36.62188N","121.90514W",NA,"","",1950
"247",247,"Lottia.digitalis","LODI","areaB","past",1950-07-01,"zone2",NA,NA,NA,"3x2ft_rect",12.3,NA,6,"36.62188N","121.90514W",NA,"","",1950
"248",248,"Lottia.digitalis","LODI","areaB","past",1950-07-01,"zone2",NA,NA,NA,"3x2ft_rect",12.3,NA,6,"36.62188N","121.90514W",NA,"","",1950
"249",249,"Lottia.digitalis","LODI","areaB","past",1950-07-01,"zone2",NA,NA,NA,"3x2ft_rect",12.5,NA,6,"36.62188N","121.90514W",NA,"","",1950
"250",250,"Lottia.digitalis","LODI","areaB","past",1950-07-01,"zone2",NA,NA,NA,"3x2ft_rect",12.7,NA,6,"36.62188N","121.90514W",NA,"","",1950
"251",251,"Lottia.digitalis","LODI","areaB","past",1950-07-01,"zone2",NA,NA,NA,"3x2ft_rect",12.8,NA,6,"36.62188N","121.90514W",NA,"","",1950
"252",252,"Lottia.digitalis","LODI","areaB","past",1950-07-01,"zone2",NA,NA,NA,"3x2ft_rect",12.9,NA,6,"36.62188N","121.90514W",NA,"","",1950
"253",253,"Lottia.digitalis","LODI","areaB","past",1950-07-01,"zone2",NA,NA,NA,"3x2ft_rect",13,NA,6,"36.62188N","121.90514W",NA,"","",1950
"254",254,"Lottia.digitalis","LODI","areaB","past",1950-07-01,"zone2",NA,NA,NA,"3x2ft_rect",13,NA,6,"36.62188N","121.90514W",NA,"","",1950
"255",255,"Lottia.digitalis","LODI","areaB","past",1950-07-01,"zone2",NA,NA,NA,"3x2ft_rect",13,NA,6,"36.62188N","121.90514W",NA,"","",1950
"256",256,"Lottia.digitalis","LODI","areaB","past",1950-07-01,"zone2",NA,NA,NA,"3x2ft_rect",13,NA,6,"36.62188N","121.90514W",NA,"","",1950
"257",257,"Lottia.digitalis","LODI","areaB","past",1950-07-01,"zone2",NA,NA,NA,"3x2ft_rect",13,NA,6,"36.62188N","121.90514W",NA,"","",1950
"258",258,"Lottia.digitalis","LODI","areaB","past",1950-07-01,"zone2",NA,NA,NA,"3x2ft_rect",13,NA,6,"36.62188N","121.90514W",NA,"","",1950
"259",259,"Lottia.digitalis","LODI","areaB","past",1950-07-01,"zone2",NA,NA,NA,"3x2ft_rect",13.1,NA,6,"36.62188N","121.90514W",NA,"","",1950
"260",260,"Lottia.digitalis","LODI","areaB","past",1950-07-01,"zone2",NA,NA,NA,"3x2ft_rect",13.2,NA,6,"36.62188N","121.90514W",NA,"","",1950
"261",261,"Lottia.digitalis","LODI","areaB","past",1950-07-01,"zone2",NA,NA,NA,"3x2ft_rect",13.5,NA,6,"36.62188N","121.90514W",NA,"","",1950
"262",262,"Lottia.digitalis","LODI","areaB","past",1950-07-01,"zone2",NA,NA,NA,"3x2ft_rect",13.7,NA,6,"36.62188N","121.90514W",NA,"","",1950
"263",263,"Lottia.digitalis","LODI","areaB","past",1950-07-01,"zone2",NA,NA,NA,"3x2ft_rect",13.8,NA,6,"36.62188N","121.90514W",NA,"","",1950
"264",264,"Lottia.digitalis","LODI","areaB","past",1950-07-01,"zone2",NA,NA,NA,"3x2ft_rect",14,NA,6,"36.62188N","121.90514W",NA,"","",1950
"265",265,"Lottia.digitalis","LODI","areaB","past",1950-07-01,"zone2",NA,NA,NA,"3x2ft_rect",14,NA,6,"36.62188N","121.90514W",NA,"","",1950
"266",266,"Lottia.digitalis","LODI","areaB","past",1950-07-01,"zone2",NA,NA,NA,"3x2ft_rect",14,NA,6,"36.62188N","121.90514W",NA,"","",1950
"267",267,"Lottia.digitalis","LODI","areaB","past",1950-07-01,"zone2",NA,NA,NA,"3x2ft_rect",14,NA,6,"36.62188N","121.90514W",NA,"","",1950
"268",268,"Lottia.digitalis","LODI","areaB","past",1950-07-01,"zone2",NA,NA,NA,"3x2ft_rect",14,NA,6,"36.62188N","121.90514W",NA,"","",1950
"269",269,"Lottia.digitalis","LODI","areaB","past",1950-07-01,"zone2",NA,NA,NA,"3x2ft_rect",14.1,NA,6,"36.62188N","121.90514W",NA,"","",1950
"270",270,"Lottia.digitalis","LODI","areaB","past",1950-07-01,"zone2",NA,NA,NA,"3x2ft_rect",14.1,NA,6,"36.62188N","121.90514W",NA,"","",1950
"271",271,"Lottia.digitalis","LODI","areaB","past",1950-07-01,"zone2",NA,NA,NA,"3x2ft_rect",14.2,NA,6,"36.62188N","121.90514W",NA,"","",1950
"272",272,"Lottia.digitalis","LODI","areaB","past",1950-07-01,"zone2",NA,NA,NA,"3x2ft_rect",14.3,NA,6,"36.62188N","121.90514W",NA,"","",1950
"273",273,"Lottia.digitalis","LODI","areaB","past",1950-07-01,"zone2",NA,NA,NA,"3x2ft_rect",14.4,NA,6,"36.62188N","121.90514W",NA,"","",1950
"274",274,"Lottia.digitalis","LODI","areaB","past",1950-07-01,"zone2",NA,NA,NA,"3x2ft_rect",14.7,NA,6,"36.62188N","121.90514W",NA,"","",1950
"275",275,"Lottia.digitalis","LODI","areaB","past",1950-07-01,"zone2",NA,NA,NA,"3x2ft_rect",14.8,NA,6,"36.62188N","121.90514W",NA,"","",1950
"276",276,"Lottia.digitalis","LODI","areaB","past",1950-07-01,"zone2",NA,NA,NA,"3x2ft_rect",15,NA,6,"36.62188N","121.90514W",NA,"","",1950
"277",277,"Lottia.digitalis","LODI","areaB","past",1950-07-01,"zone2",NA,NA,NA,"3x2ft_rect",15.3,NA,6,"36.62188N","121.90514W",NA,"","",1950
"278",278,"Lottia.digitalis","LODI","areaB","past",1950-07-01,"zone2",NA,NA,NA,"3x2ft_rect",15.4,NA,6,"36.62188N","121.90514W",NA,"","",1950
"279",279,"Lottia.digitalis","LODI","areaB","past",1950-07-01,"zone2",NA,NA,NA,"3x2ft_rect",15.5,NA,6,"36.62188N","121.90514W",NA,"","",1950
"280",280,"Lottia.digitalis","LODI","areaB","past",1950-07-01,"zone2",NA,NA,NA,"3x2ft_rect",15.5,NA,6,"36.62188N","121.90514W",NA,"","",1950
"281",281,"Lottia.digitalis","LODI","areaB","past",1950-07-01,"zone2",NA,NA,NA,"3x2ft_rect",15.7,NA,6,"36.62188N","121.90514W",NA,"","",1950
"282",282,"Lottia.digitalis","LODI","areaB","past",1950-07-01,"zone2",NA,NA,NA,"3x2ft_rect",15.7,NA,6,"36.62188N","121.90514W",NA,"","",1950
"283",283,"Lottia.digitalis","LODI","areaB","past",1950-07-01,"zone2",NA,NA,NA,"3x2ft_rect",16,NA,6,"36.62188N","121.90514W",NA,"","",1950
"284",284,"Lottia.digitalis","LODI","areaB","past",1950-07-01,"zone2",NA,NA,NA,"3x2ft_rect",16.4,NA,6,"36.62188N","121.90514W",NA,"","",1950
"285",285,"Lottia.digitalis","LODI","areaB","past",1950-07-01,"zone2",NA,NA,NA,"3x2ft_rect",16.5,NA,6,"36.62188N","121.90514W",NA,"","",1950
"286",286,"Lottia.digitalis","LODI","areaB","past",1950-07-01,"zone2",NA,NA,NA,"3x2ft_rect",16.5,NA,6,"36.62188N","121.90514W",NA,"","",1950
"287",287,"Lottia.digitalis","LODI","areaB","past",1950-07-01,"zone2",NA,NA,NA,"3x2ft_rect",18.9,NA,6,"36.62188N","121.90514W",NA,"","",1950
"288",288,"Lottia.digitalis","LODI","areaB","past",1950-07-01,"zone2",NA,NA,NA,"3x2ft_rect",22,NA,6,"36.62188N","121.90514W",NA,"","",1950
"289",289,"Lottia.digitalis","LODI","areaB","past",1950-07-01,"zone3",NA,NA,NA,"3x2ft_rect",5.7,NA,4.5,"36.62188N","121.90514W",NA,"","",1950
"290",290,"Lottia.digitalis","LODI","areaB","past",1950-07-01,"zone3",NA,NA,NA,"3x2ft_rect",6.7,NA,4.5,"36.62188N","121.90514W",NA,"","",1950
"291",291,"Lottia.digitalis","LODI","areaB","past",1950-07-01,"zone3",NA,NA,NA,"3x2ft_rect",6.9,NA,4.5,"36.62188N","121.90514W",NA,"","",1950
"292",292,"Lottia.digitalis","LODI","areaB","past",1950-07-01,"zone3",NA,NA,NA,"3x2ft_rect",6.9,NA,4.5,"36.62188N","121.90514W",NA,"","",1950
"293",293,"Lottia.digitalis","LODI","areaB","past",1950-07-01,"zone3",NA,NA,NA,"3x2ft_rect",7.2,NA,4.5,"36.62188N","121.90514W",NA,"","",1950
"294",294,"Lottia.digitalis","LODI","areaB","past",1950-07-01,"zone3",NA,NA,NA,"3x2ft_rect",7.5,NA,4.5,"36.62188N","121.90514W",NA,"","",1950
"295",295,"Lottia.digitalis","LODI","areaB","past",1950-07-01,"zone3",NA,NA,NA,"3x2ft_rect",7.6,NA,4.5,"36.62188N","121.90514W",NA,"","",1950
"296",296,"Lottia.digitalis","LODI","areaB","past",1950-07-01,"zone3",NA,NA,NA,"3x2ft_rect",7.8,NA,4.5,"36.62188N","121.90514W",NA,"","",1950
"297",297,"Lottia.digitalis","LODI","areaB","past",1950-07-01,"zone3",NA,NA,NA,"3x2ft_rect",7.8,NA,4.5,"36.62188N","121.90514W",NA,"","",1950
"298",298,"Lottia.digitalis","LODI","areaB","past",1950-07-01,"zone3",NA,NA,NA,"3x2ft_rect",7.9,NA,4.5,"36.62188N","121.90514W",NA,"","",1950
"299",299,"Lottia.digitalis","LODI","areaB","past",1950-07-01,"zone3",NA,NA,NA,"3x2ft_rect",8,NA,4.5,"36.62188N","121.90514W",NA,"","",1950
"300",300,"Lottia.digitalis","LODI","areaB","past",1950-07-01,"zone3",NA,NA,NA,"3x2ft_rect",8,NA,4.5,"36.62188N","121.90514W",NA,"","",1950
"301",301,"Lottia.digitalis","LODI","areaB","past",1950-07-01,"zone3",NA,NA,NA,"3x2ft_rect",8,NA,4.5,"36.62188N","121.90514W",NA,"","",1950
"302",302,"Lottia.digitalis","LODI","areaB","past",1950-07-01,"zone3",NA,NA,NA,"3x2ft_rect",8,NA,4.5,"36.62188N","121.90514W",NA,"","",1950
"303",303,"Lottia.digitalis","LODI","areaB","past",1950-07-01,"zone3",NA,NA,NA,"3x2ft_rect",8,NA,4.5,"36.62188N","121.90514W",NA,"","",1950
"304",304,"Lottia.digitalis","LODI","areaB","past",1950-07-01,"zone3",NA,NA,NA,"3x2ft_rect",8,NA,4.5,"36.62188N","121.90514W",NA,"","",1950
"305",305,"Lottia.digitalis","LODI","areaB","past",1950-07-01,"zone3",NA,NA,NA,"3x2ft_rect",8.1,NA,4.5,"36.62188N","121.90514W",NA,"","",1950
"306",306,"Lottia.digitalis","LODI","areaB","past",1950-07-01,"zone3",NA,NA,NA,"3x2ft_rect",8.1,NA,4.5,"36.62188N","121.90514W",NA,"","",1950
"307",307,"Lottia.digitalis","LODI","areaB","past",1950-07-01,"zone3",NA,NA,NA,"3x2ft_rect",8.1,NA,4.5,"36.62188N","121.90514W",NA,"","",1950
"308",308,"Lottia.digitalis","LODI","areaB","past",1950-07-01,"zone3",NA,NA,NA,"3x2ft_rect",8.4,NA,4.5,"36.62188N","121.90514W",NA,"","",1950
"309",309,"Lottia.digitalis","LODI","areaB","past",1950-07-01,"zone3",NA,NA,NA,"3x2ft_rect",8.4,NA,4.5,"36.62188N","121.90514W",NA,"","",1950
"310",310,"Lottia.digitalis","LODI","areaB","past",1950-07-01,"zone3",NA,NA,NA,"3x2ft_rect",8.4,NA,4.5,"36.62188N","121.90514W",NA,"","",1950
"311",311,"Lottia.digitalis","LODI","areaB","past",1950-07-01,"zone3",NA,NA,NA,"3x2ft_rect",8.7,NA,4.5,"36.62188N","121.90514W",NA,"","",1950
"312",312,"Lottia.digitalis","LODI","areaB","past",1950-07-01,"zone3",NA,NA,NA,"3x2ft_rect",8.7,NA,4.5,"36.62188N","121.90514W",NA,"","",1950
"313",313,"Lottia.digitalis","LODI","areaB","past",1950-07-01,"zone3",NA,NA,NA,"3x2ft_rect",8.7,NA,4.5,"36.62188N","121.90514W",NA,"","",1950
"314",314,"Lottia.digitalis","LODI","areaB","past",1950-07-01,"zone3",NA,NA,NA,"3x2ft_rect",8.9,NA,4.5,"36.62188N","121.90514W",NA,"","",1950
"315",315,"Lottia.digitalis","LODI","areaB","past",1950-07-01,"zone3",NA,NA,NA,"3x2ft_rect",8.9,NA,4.5,"36.62188N","121.90514W",NA,"","",1950
"316",316,"Lottia.digitalis","LODI","areaB","past",1950-07-01,"zone3",NA,NA,NA,"3x2ft_rect",8.9,NA,4.5,"36.62188N","121.90514W",NA,"","",1950
"317",317,"Lottia.digitalis","LODI","areaB","past",1950-07-01,"zone3",NA,NA,NA,"3x2ft_rect",9,NA,4.5,"36.62188N","121.90514W",NA,"","",1950
"318",318,"Lottia.digitalis","LODI","areaB","past",1950-07-01,"zone3",NA,NA,NA,"3x2ft_rect",9,NA,4.5,"36.62188N","121.90514W",NA,"","",1950
"319",319,"Lottia.digitalis","LODI","areaB","past",1950-07-01,"zone3",NA,NA,NA,"3x2ft_rect",9.1,NA,4.5,"36.62188N","121.90514W",NA,"","",1950
"320",320,"Lottia.digitalis","LODI","areaB","past",1950-07-01,"zone3",NA,NA,NA,"3x2ft_rect",9.3,NA,4.5,"36.62188N","121.90514W",NA,"","",1950
"321",321,"Lottia.digitalis","LODI","areaB","past",1950-07-01,"zone3",NA,NA,NA,"3x2ft_rect",9.3,NA,4.5,"36.62188N","121.90514W",NA,"","",1950
"322",322,"Lottia.digitalis","LODI","areaB","past",1950-07-01,"zone3",NA,NA,NA,"3x2ft_rect",9.3,NA,4.5,"36.62188N","121.90514W",NA,"","",1950
"323",323,"Lottia.digitalis","LODI","areaB","past",1950-07-01,"zone3",NA,NA,NA,"3x2ft_rect",9.3,NA,4.5,"36.62188N","121.90514W",NA,"","",1950
"324",324,"Lottia.digitalis","LODI","areaB","past",1950-07-01,"zone3",NA,NA,NA,"3x2ft_rect",9.4,NA,4.5,"36.62188N","121.90514W",NA,"","",1950
"325",325,"Lottia.digitalis","LODI","areaB","past",1950-07-01,"zone3",NA,NA,NA,"3x2ft_rect",9.5,NA,4.5,"36.62188N","121.90514W",NA,"","",1950
"326",326,"Lottia.digitalis","LODI","areaB","past",1950-07-01,"zone3",NA,NA,NA,"3x2ft_rect",9.5,NA,4.5,"36.62188N","121.90514W",NA,"","",1950
"327",327,"Lottia.digitalis","LODI","areaB","past",1950-07-01,"zone3",NA,NA,NA,"3x2ft_rect",9.6,NA,4.5,"36.62188N","121.90514W",NA,"","",1950
"328",328,"Lottia.digitalis","LODI","areaB","past",1950-07-01,"zone3",NA,NA,NA,"3x2ft_rect",9.7,NA,4.5,"36.62188N","121.90514W",NA,"","",1950
"329",329,"Lottia.digitalis","LODI","areaB","past",1950-07-01,"zone3",NA,NA,NA,"3x2ft_rect",9.7,NA,4.5,"36.62188N","121.90514W",NA,"","",1950
"330",330,"Lottia.digitalis","LODI","areaB","past",1950-07-01,"zone3",NA,NA,NA,"3x2ft_rect",9.7,NA,4.5,"36.62188N","121.90514W",NA,"","",1950
"331",331,"Lottia.digitalis","LODI","areaB","past",1950-07-01,"zone3",NA,NA,NA,"3x2ft_rect",9.8,NA,4.5,"36.62188N","121.90514W",NA,"","",1950
"332",332,"Lottia.digitalis","LODI","areaB","past",1950-07-01,"zone3",NA,NA,NA,"3x2ft_rect",9.8,NA,4.5,"36.62188N","121.90514W",NA,"","",1950
"333",333,"Lottia.digitalis","LODI","areaB","past",1950-07-01,"zone3",NA,NA,NA,"3x2ft_rect",9.8,NA,4.5,"36.62188N","121.90514W",NA,"","",1950
"334",334,"Lottia.digitalis","LODI","areaB","past",1950-07-01,"zone3",NA,NA,NA,"3x2ft_rect",9.9,NA,4.5,"36.62188N","121.90514W",NA,"","",1950
"335",335,"Lottia.digitalis","LODI","areaB","past",1950-07-01,"zone3",NA,NA,NA,"3x2ft_rect",9.9,NA,4.5,"36.62188N","121.90514W",NA,"","",1950
"336",336,"Lottia.digitalis","LODI","areaB","past",1950-07-01,"zone3",NA,NA,NA,"3x2ft_rect",10,NA,4.5,"36.62188N","121.90514W",NA,"","",1950
"337",337,"Lottia.digitalis","LODI","areaB","past",1950-07-01,"zone3",NA,NA,NA,"3x2ft_rect",10,NA,4.5,"36.62188N","121.90514W",NA,"","",1950
"338",338,"Lottia.digitalis","LODI","areaB","past",1950-07-01,"zone3",NA,NA,NA,"3x2ft_rect",10,NA,4.5,"36.62188N","121.90514W",NA,"","",1950
"339",339,"Lottia.digitalis","LODI","areaB","past",1950-07-01,"zone3",NA,NA,NA,"3x2ft_rect",10,NA,4.5,"36.62188N","121.90514W",NA,"","",1950
"340",340,"Lottia.digitalis","LODI","areaB","past",1950-07-01,"zone3",NA,NA,NA,"3x2ft_rect",10.1,NA,4.5,"36.62188N","121.90514W",NA,"","",1950
"341",341,"Lottia.digitalis","LODI","areaB","past",1950-07-01,"zone3",NA,NA,NA,"3x2ft_rect",10.3,NA,4.5,"36.62188N","121.90514W",NA,"","",1950
"342",342,"Lottia.digitalis","LODI","areaB","past",1950-07-01,"zone3",NA,NA,NA,"3x2ft_rect",10.4,NA,4.5,"36.62188N","121.90514W",NA,"","",1950
"343",343,"Lottia.digitalis","LODI","areaB","past",1950-07-01,"zone3",NA,NA,NA,"3x2ft_rect",10.4,NA,4.5,"36.62188N","121.90514W",NA,"","",1950
"344",344,"Lottia.digitalis","LODI","areaB","past",1950-07-01,"zone3",NA,NA,NA,"3x2ft_rect",10.7,NA,4.5,"36.62188N","121.90514W",NA,"","",1950
"345",345,"Lottia.digitalis","LODI","areaB","past",1950-07-01,"zone3",NA,NA,NA,"3x2ft_rect",10.8,NA,4.5,"36.62188N","121.90514W",NA,"","",1950
"346",346,"Lottia.digitalis","LODI","areaB","past",1950-07-01,"zone3",NA,NA,NA,"3x2ft_rect",10.9,NA,4.5,"36.62188N","121.90514W",NA,"","",1950
"347",347,"Lottia.digitalis","LODI","areaB","past",1950-07-01,"zone3",NA,NA,NA,"3x2ft_rect",11,NA,4.5,"36.62188N","121.90514W",NA,"","",1950
"348",348,"Lottia.digitalis","LODI","areaB","past",1950-07-01,"zone3",NA,NA,NA,"3x2ft_rect",11,NA,4.5,"36.62188N","121.90514W",NA,"","",1950
"349",349,"Lottia.digitalis","LODI","areaB","past",1950-07-01,"zone3",NA,NA,NA,"3x2ft_rect",11,NA,4.5,"36.62188N","121.90514W",NA,"","",1950
"350",350,"Lottia.digitalis","LODI","areaB","past",1950-07-01,"zone3",NA,NA,NA,"3x2ft_rect",11,NA,4.5,"36.62188N","121.90514W",NA,"","",1950
"351",351,"Lottia.digitalis","LODI","areaB","past",1950-07-01,"zone3",NA,NA,NA,"3x2ft_rect",11,NA,4.5,"36.62188N","121.90514W",NA,"","",1950
"352",352,"Lottia.digitalis","LODI","areaB","past",1950-07-01,"zone3",NA,NA,NA,"3x2ft_rect",11,NA,4.5,"36.62188N","121.90514W",NA,"","",1950
"353",353,"Lottia.digitalis","LODI","areaB","past",1950-07-01,"zone3",NA,NA,NA,"3x2ft_rect",11,NA,4.5,"36.62188N","121.90514W",NA,"","",1950
"354",354,"Lottia.digitalis","LODI","areaB","past",1950-07-01,"zone3",NA,NA,NA,"3x2ft_rect",11.1,NA,4.5,"36.62188N","121.90514W",NA,"","",1950
"355",355,"Lottia.digitalis","LODI","areaB","past",1950-07-01,"zone3",NA,NA,NA,"3x2ft_rect",11.2,NA,4.5,"36.62188N","121.90514W",NA,"","",1950
"356",356,"Lottia.digitalis","LODI","areaB","past",1950-07-01,"zone3",NA,NA,NA,"3x2ft_rect",11.3,NA,4.5,"36.62188N","121.90514W",NA,"","",1950
"357",357,"Lottia.digitalis","LODI","areaB","past",1950-07-01,"zone3",NA,NA,NA,"3x2ft_rect",11.4,NA,4.5,"36.62188N","121.90514W",NA,"","",1950
"358",358,"Lottia.digitalis","LODI","areaB","past",1950-07-01,"zone3",NA,NA,NA,"3x2ft_rect",11.8,NA,4.5,"36.62188N","121.90514W",NA,"","",1950
"359",359,"Lottia.digitalis","LODI","areaB","past",1950-07-01,"zone3",NA,NA,NA,"3x2ft_rect",11.8,NA,4.5,"36.62188N","121.90514W",NA,"","",1950
"360",360,"Lottia.digitalis","LODI","areaB","past",1950-07-01,"zone3",NA,NA,NA,"3x2ft_rect",11.8,NA,4.5,"36.62188N","121.90514W",NA,"","",1950
"361",361,"Lottia.digitalis","LODI","areaB","past",1950-07-01,"zone3",NA,NA,NA,"3x2ft_rect",11.8,NA,4.5,"36.62188N","121.90514W",NA,"","",1950
"362",362,"Lottia.digitalis","LODI","areaB","past",1950-07-01,"zone3",NA,NA,NA,"3x2ft_rect",11.9,NA,4.5,"36.62188N","121.90514W",NA,"","",1950
"363",363,"Lottia.digitalis","LODI","areaB","past",1950-07-01,"zone3",NA,NA,NA,"3x2ft_rect",11.9,NA,4.5,"36.62188N","121.90514W",NA,"","",1950
"364",364,"Lottia.digitalis","LODI","areaB","past",1950-07-01,"zone3",NA,NA,NA,"3x2ft_rect",12,NA,4.5,"36.62188N","121.90514W",NA,"","",1950
"365",365,"Lottia.digitalis","LODI","areaB","past",1950-07-01,"zone3",NA,NA,NA,"3x2ft_rect",12.2,NA,4.5,"36.62188N","121.90514W",NA,"","",1950
"366",366,"Lottia.digitalis","LODI","areaB","past",1950-07-01,"zone3",NA,NA,NA,"3x2ft_rect",12.3,NA,4.5,"36.62188N","121.90514W",NA,"","",1950
"367",367,"Lottia.digitalis","LODI","areaB","past",1950-07-01,"zone3",NA,NA,NA,"3x2ft_rect",12.7,NA,4.5,"36.62188N","121.90514W",NA,"","",1950
"368",368,"Lottia.digitalis","LODI","areaB","past",1950-07-01,"zone3",NA,NA,NA,"3x2ft_rect",12.9,NA,4.5,"36.62188N","121.90514W",NA,"","",1950
"369",369,"Lottia.digitalis","LODI","areaB","past",1950-07-01,"zone3",NA,NA,NA,"3x2ft_rect",13,NA,4.5,"36.62188N","121.90514W",NA,"","",1950
"370",370,"Lottia.digitalis","LODI","areaB","past",1950-07-01,"zone3",NA,NA,NA,"3x2ft_rect",13,NA,4.5,"36.62188N","121.90514W",NA,"","",1950
"371",371,"Lottia.digitalis","LODI","areaB","past",1950-07-01,"zone3",NA,NA,NA,"3x2ft_rect",13,NA,4.5,"36.62188N","121.90514W",NA,"","",1950
"372",372,"Lottia.digitalis","LODI","areaB","past",1950-07-01,"zone3",NA,NA,NA,"3x2ft_rect",13.1,NA,4.5,"36.62188N","121.90514W",NA,"","",1950
"373",373,"Lottia.digitalis","LODI","areaB","past",1950-07-01,"zone3",NA,NA,NA,"3x2ft_rect",13.2,NA,4.5,"36.62188N","121.90514W",NA,"","",1950
"374",374,"Lottia.digitalis","LODI","areaB","past",1950-07-01,"zone3",NA,NA,NA,"3x2ft_rect",13.2,NA,4.5,"36.62188N","121.90514W",NA,"","",1950
"375",375,"Lottia.digitalis","LODI","areaB","past",1950-07-01,"zone3",NA,NA,NA,"3x2ft_rect",13.2,NA,4.5,"36.62188N","121.90514W",NA,"","",1950
"376",376,"Lottia.digitalis","LODI","areaB","past",1950-07-01,"zone3",NA,NA,NA,"3x2ft_rect",13.6,NA,4.5,"36.62188N","121.90514W",NA,"","",1950
"377",377,"Lottia.digitalis","LODI","areaB","past",1950-07-01,"zone3",NA,NA,NA,"3x2ft_rect",13.7,NA,4.5,"36.62188N","121.90514W",NA,"","",1950
"378",378,"Lottia.digitalis","LODI","areaB","past",1950-07-01,"zone3",NA,NA,NA,"3x2ft_rect",13.8,NA,4.5,"36.62188N","121.90514W",NA,"","",1950
"379",379,"Lottia.digitalis","LODI","areaB","past",1950-07-01,"zone3",NA,NA,NA,"3x2ft_rect",13.8,NA,4.5,"36.62188N","121.90514W",NA,"","",1950
"380",380,"Lottia.digitalis","LODI","areaB","past",1950-07-01,"zone3",NA,NA,NA,"3x2ft_rect",13.8,NA,4.5,"36.62188N","121.90514W",NA,"","",1950
"381",381,"Lottia.digitalis","LODI","areaB","past",1950-07-01,"zone3",NA,NA,NA,"3x2ft_rect",13.8,NA,4.5,"36.62188N","121.90514W",NA,"","",1950
"382",382,"Lottia.digitalis","LODI","areaB","past",1950-07-01,"zone3",NA,NA,NA,"3x2ft_rect",13.9,NA,4.5,"36.62188N","121.90514W",NA,"","",1950
"383",383,"Lottia.digitalis","LODI","areaB","past",1950-07-01,"zone3",NA,NA,NA,"3x2ft_rect",13.9,NA,4.5,"36.62188N","121.90514W",NA,"","",1950
"384",384,"Lottia.digitalis","LODI","areaB","past",1950-07-01,"zone3",NA,NA,NA,"3x2ft_rect",14.4,NA,4.5,"36.62188N","121.90514W",NA,"","",1950
"385",385,"Lottia.digitalis","LODI","areaB","past",1950-07-01,"zone3",NA,NA,NA,"3x2ft_rect",14.7,NA,4.5,"36.62188N","121.90514W",NA,"","",1950
"386",386,"Lottia.digitalis","LODI","areaB","past",1950-07-01,"zone3",NA,NA,NA,"3x2ft_rect",15,NA,4.5,"36.62188N","121.90514W",NA,"","",1950
"387",387,"Lottia.digitalis","LODI","areaB","past",1950-07-01,"zone3",NA,NA,NA,"3x2ft_rect",15.1,NA,4.5,"36.62188N","121.90514W",NA,"","",1950
"388",388,"Lottia.digitalis","LODI","areaB","past",1950-07-01,"zone3",NA,NA,NA,"3x2ft_rect",17.1,NA,4.5,"36.62188N","121.90514W",NA,"","",1950
"389",389,"Lottia.digitalis","LODI","areaB","past",1950-07-01,"zone3",NA,NA,NA,"3x2ft_rect",17.9,NA,4.5,"36.62188N","121.90514W",NA,"","",1950
"390",390,"Lottia.digitalis","LODI","areaB","past",1950-07-01,"zone3",NA,NA,NA,"3x2ft_rect",18.2,NA,4.5,"36.62188N","121.90514W",NA,"","",1950
"391",391,"Lottia.digitalis","LODI","areaB","past",1950-07-01,"zone3",NA,NA,NA,"3x2ft_rect",18.4,NA,4.5,"36.62188N","121.90514W",NA,"","",1950
"392",392,"Lottia.digitalis","LODI","areaC","past",1950-07-01,"zone2",NA,NA,NA,"quad_9squares",12.5,NA,5.5,"36.62210N","121.90482W",NA,"","",1950
"393",393,"Lottia.digitalis","LODI","areaC","past",1950-07-01,"zone2",NA,NA,NA,"quad_9squares",13,NA,5.5,"36.62210N","121.90482W",NA,"","",1950
"394",394,"Lottia.digitalis","LODI","areaC","past",1950-07-01,"zone2",NA,NA,NA,"quad_9squares",13.5,NA,5.5,"36.62210N","121.90482W",NA,"","",1950
"395",395,"Lottia.digitalis","LODI","areaC","past",1950-07-01,"zone2",NA,NA,NA,"quad_9squares",14.7,NA,5.5,"36.62210N","121.90482W",NA,"","",1950
"396",396,"Lottia.digitalis","LODI","areaC","past",1950-07-01,"zone2",NA,NA,NA,"quad_9squares",15,NA,5.5,"36.62210N","121.90482W",NA,"","",1950
"397",397,"Lottia.digitalis","LODI","areaC","past",1950-07-01,"zone2",NA,NA,NA,"quad_9squares",15,NA,5.5,"36.62210N","121.90482W",NA,"","",1950
"398",398,"Lottia.digitalis","LODI","areaC","past",1950-07-01,"zone2",NA,NA,NA,"quad_9squares",15,NA,5.5,"36.62210N","121.90482W",NA,"","",1950
"399",399,"Lottia.digitalis","LODI","areaC","past",1950-07-01,"zone2",NA,NA,NA,"quad_9squares",15,NA,5.5,"36.62210N","121.90482W",NA,"","",1950
"400",400,"Lottia.digitalis","LODI","areaC","past",1950-07-01,"zone2",NA,NA,NA,"quad_9squares",15.1,NA,5.5,"36.62210N","121.90482W",NA,"","",1950
"401",401,"Lottia.digitalis","LODI","areaC","past",1950-07-01,"zone2",NA,NA,NA,"quad_9squares",15.2,NA,5.5,"36.62210N","121.90482W",NA,"","",1950
"402",402,"Lottia.digitalis","LODI","areaC","past",1950-07-01,"zone2",NA,NA,NA,"quad_9squares",15.3,NA,5.5,"36.62210N","121.90482W",NA,"","",1950
"403",403,"Lottia.digitalis","LODI","areaC","past",1950-07-01,"zone2",NA,NA,NA,"quad_9squares",15.6,NA,5.5,"36.62210N","121.90482W",NA,"","",1950
"404",404,"Lottia.digitalis","LODI","areaC","past",1950-07-01,"zone2",NA,NA,NA,"quad_9squares",16,NA,5.5,"36.62210N","121.90482W",NA,"","",1950
"405",405,"Lottia.digitalis","LODI","areaC","past",1950-07-01,"zone2",NA,NA,NA,"quad_9squares",16,NA,5.5,"36.62210N","121.90482W",NA,"","",1950
"406",406,"Lottia.digitalis","LODI","areaC","past",1950-07-01,"zone2",NA,NA,NA,"quad_9squares",16.1,NA,5.5,"36.62210N","121.90482W",NA,"","",1950
"407",407,"Lottia.digitalis","LODI","areaC","past",1950-07-01,"zone2",NA,NA,NA,"quad_9squares",16.2,NA,5.5,"36.62210N","121.90482W",NA,"","",1950
"408",408,"Lottia.digitalis","LODI","areaC","past",1950-07-01,"zone2",NA,NA,NA,"quad_9squares",16.2,NA,5.5,"36.62210N","121.90482W",NA,"","",1950
"409",409,"Lottia.digitalis","LODI","areaC","past",1950-07-01,"zone2",NA,NA,NA,"quad_9squares",16.8,NA,5.5,"36.62210N","121.90482W",NA,"","",1950
"410",410,"Lottia.digitalis","LODI","areaC","past",1950-07-01,"zone2",NA,NA,NA,"quad_9squares",16.8,NA,5.5,"36.62210N","121.90482W",NA,"","",1950
"411",411,"Lottia.digitalis","LODI","areaC","past",1950-07-01,"zone2",NA,NA,NA,"quad_9squares",16.8,NA,5.5,"36.62210N","121.90482W",NA,"","",1950
"412",412,"Lottia.digitalis","LODI","areaC","past",1950-07-01,"zone2",NA,NA,NA,"quad_9squares",17,NA,5.5,"36.62210N","121.90482W",NA,"","",1950
"413",413,"Lottia.digitalis","LODI","areaC","past",1950-07-01,"zone2",NA,NA,NA,"quad_9squares",17.6,NA,5.5,"36.62210N","121.90482W",NA,"","",1950
"414",414,"Lottia.digitalis","LODI","areaC","past",1950-07-01,"zone2",NA,NA,NA,"quad_9squares",18,NA,5.5,"36.62210N","121.90482W",NA,"","",1950
"415",415,"Lottia.digitalis","LODI","areaC","past",1950-07-01,"zone2",NA,NA,NA,"quad_9squares",18,NA,5.5,"36.62210N","121.90482W",NA,"","",1950
"416",416,"Lottia.digitalis","LODI","areaC","past",1950-07-01,"zone2",NA,NA,NA,"quad_9squares",18.1,NA,5.5,"36.62210N","121.90482W",NA,"","",1950
"417",417,"Lottia.digitalis","LODI","areaC","past",1950-07-01,"zone2",NA,NA,NA,"quad_9squares",18.3,NA,5.5,"36.62210N","121.90482W",NA,"","",1950
"418",418,"Lottia.digitalis","LODI","areaC","past",1950-07-01,"zone2",NA,NA,NA,"quad_9squares",18.5,NA,5.5,"36.62210N","121.90482W",NA,"","",1950
"419",419,"Lottia.digitalis","LODI","areaC","past",1950-07-01,"zone2",NA,NA,NA,"quad_9squares",18.6,NA,5.5,"36.62210N","121.90482W",NA,"","",1950
"420",420,"Lottia.digitalis","LODI","areaC","past",1950-07-01,"zone2",NA,NA,NA,"quad_9squares",18.8,NA,5.5,"36.62210N","121.90482W",NA,"","",1950
"421",421,"Lottia.digitalis","LODI","areaC","past",1950-07-01,"zone2",NA,NA,NA,"quad_9squares",18.8,NA,5.5,"36.62210N","121.90482W",NA,"","",1950
"422",422,"Lottia.digitalis","LODI","areaC","past",1950-07-01,"zone2",NA,NA,NA,"quad_9squares",18.8,NA,5.5,"36.62210N","121.90482W",NA,"","",1950
"423",423,"Lottia.digitalis","LODI","areaC","past",1950-07-01,"zone2",NA,NA,NA,"quad_9squares",18.9,NA,5.5,"36.62210N","121.90482W",NA,"","",1950
"424",424,"Lottia.digitalis","LODI","areaC","past",1950-07-01,"zone2",NA,NA,NA,"quad_9squares",19,NA,5.5,"36.62210N","121.90482W",NA,"","",1950
"425",425,"Lottia.digitalis","LODI","areaC","past",1950-07-01,"zone2",NA,NA,NA,"quad_9squares",19,NA,5.5,"36.62210N","121.90482W",NA,"","",1950
"426",426,"Lottia.digitalis","LODI","areaC","past",1950-07-01,"zone2",NA,NA,NA,"quad_9squares",19.1,NA,5.5,"36.62210N","121.90482W",NA,"","",1950
"427",427,"Lottia.digitalis","LODI","areaC","past",1950-07-01,"zone2",NA,NA,NA,"quad_9squares",19.1,NA,5.5,"36.62210N","121.90482W",NA,"","",1950
"428",428,"Lottia.digitalis","LODI","areaC","past",1950-07-01,"zone2",NA,NA,NA,"quad_9squares",19.1,NA,5.5,"36.62210N","121.90482W",NA,"","",1950
"429",429,"Lottia.digitalis","LODI","areaC","past",1950-07-01,"zone2",NA,NA,NA,"quad_9squares",19.2,NA,5.5,"36.62210N","121.90482W",NA,"","",1950
"430",430,"Lottia.digitalis","LODI","areaC","past",1950-07-01,"zone2",NA,NA,NA,"quad_9squares",19.4,NA,5.5,"36.62210N","121.90482W",NA,"","",1950
"431",431,"Lottia.digitalis","LODI","areaC","past",1950-07-01,"zone2",NA,NA,NA,"quad_9squares",19.7,NA,5.5,"36.62210N","121.90482W",NA,"","",1950
"432",432,"Lottia.digitalis","LODI","areaC","past",1950-07-01,"zone2",NA,NA,NA,"quad_9squares",19.7,NA,5.5,"36.62210N","121.90482W",NA,"","",1950
"433",433,"Lottia.digitalis","LODI","areaC","past",1950-07-01,"zone2",NA,NA,NA,"quad_9squares",19.9,NA,5.5,"36.62210N","121.90482W",NA,"","",1950
"434",434,"Lottia.digitalis","LODI","areaC","past",1950-07-01,"zone2",NA,NA,NA,"quad_9squares",20,NA,5.5,"36.62210N","121.90482W",NA,"","",1950
"435",435,"Lottia.digitalis","LODI","areaC","past",1950-07-01,"zone2",NA,NA,NA,"quad_9squares",20,NA,5.5,"36.62210N","121.90482W",NA,"","",1950
"436",436,"Lottia.digitalis","LODI","areaC","past",1950-07-01,"zone2",NA,NA,NA,"quad_9squares",20.1,NA,5.5,"36.62210N","121.90482W",NA,"","",1950
"437",437,"Lottia.digitalis","LODI","areaC","past",1950-07-01,"zone2",NA,NA,NA,"quad_9squares",20.1,NA,5.5,"36.62210N","121.90482W",NA,"","",1950
"438",438,"Lottia.digitalis","LODI","areaC","past",1950-07-01,"zone2",NA,NA,NA,"quad_9squares",20.5,NA,5.5,"36.62210N","121.90482W",NA,"","",1950
"439",439,"Lottia.digitalis","LODI","areaC","past",1950-07-01,"zone2",NA,NA,NA,"quad_9squares",20.5,NA,5.5,"36.62210N","121.90482W",NA,"","",1950
"440",440,"Lottia.digitalis","LODI","areaC","past",1950-07-01,"zone2",NA,NA,NA,"quad_9squares",20.6,NA,5.5,"36.62210N","121.90482W",NA,"","",1950
"441",441,"Lottia.digitalis","LODI","areaC","past",1950-07-01,"zone2",NA,NA,NA,"quad_9squares",20.8,NA,5.5,"36.62210N","121.90482W",NA,"","",1950
"442",442,"Lottia.digitalis","LODI","areaC","past",1950-07-01,"zone2",NA,NA,NA,"quad_9squares",20.8,NA,5.5,"36.62210N","121.90482W",NA,"","",1950
"443",443,"Lottia.digitalis","LODI","areaC","past",1950-07-01,"zone2",NA,NA,NA,"quad_9squares",20.8,NA,5.5,"36.62210N","121.90482W",NA,"","",1950
"444",444,"Lottia.digitalis","LODI","areaC","past",1950-07-01,"zone2",NA,NA,NA,"quad_9squares",21.1,NA,5.5,"36.62210N","121.90482W",NA,"","",1950
"445",445,"Lottia.digitalis","LODI","areaC","past",1950-07-01,"zone2",NA,NA,NA,"quad_9squares",21.2,NA,5.5,"36.62210N","121.90482W",NA,"","",1950
"446",446,"Lottia.digitalis","LODI","areaC","past",1950-07-01,"zone2",NA,NA,NA,"quad_9squares",21.4,NA,5.5,"36.62210N","121.90482W",NA,"","",1950
"447",447,"Lottia.digitalis","LODI","areaC","past",1950-07-01,"zone2",NA,NA,NA,"quad_9squares",21.4,NA,5.5,"36.62210N","121.90482W",NA,"","",1950
"448",448,"Lottia.digitalis","LODI","areaC","past",1950-07-01,"zone2",NA,NA,NA,"quad_9squares",21.8,NA,5.5,"36.62210N","121.90482W",NA,"","",1950
"449",449,"Lottia.digitalis","LODI","areaC","past",1950-07-01,"zone2",NA,NA,NA,"quad_9squares",21.9,NA,5.5,"36.62210N","121.90482W",NA,"","",1950
"450",450,"Lottia.digitalis","LODI","areaC","past",1950-07-01,"zone2",NA,NA,NA,"quad_9squares",21.9,NA,5.5,"36.62210N","121.90482W",NA,"","",1950
"451",451,"Lottia.digitalis","LODI","areaC","past",1950-07-01,"zone2",NA,NA,NA,"quad_9squares",22,NA,5.5,"36.62210N","121.90482W",NA,"","",1950
"452",452,"Lottia.digitalis","LODI","areaC","past",1950-07-01,"zone2",NA,NA,NA,"quad_9squares",22,NA,5.5,"36.62210N","121.90482W",NA,"","",1950
"453",453,"Lottia.digitalis","LODI","areaC","past",1950-07-01,"zone2",NA,NA,NA,"quad_9squares",23.2,NA,5.5,"36.62210N","121.90482W",NA,"","",1950
"454",454,"Lottia.digitalis","LODI","areaC","past",1950-07-01,"zone3",NA,NA,NA,"quad_9squares",11.5,NA,4,"36.62210N","121.90482W",NA,"","",1950
"455",455,"Lottia.digitalis","LODI","areaC","past",1950-07-01,"zone3",NA,NA,NA,"quad_9squares",12,NA,4,"36.62210N","121.90482W",NA,"","",1950
"456",456,"Lottia.digitalis","LODI","areaC","past",1950-07-01,"zone3",NA,NA,NA,"quad_9squares",12.1,NA,4,"36.62210N","121.90482W",NA,"","",1950
"457",457,"Lottia.digitalis","LODI","areaC","past",1950-07-01,"zone3",NA,NA,NA,"quad_9squares",12.5,NA,4,"36.62210N","121.90482W",NA,"","",1950
"458",458,"Lottia.digitalis","LODI","areaC","past",1950-07-01,"zone3",NA,NA,NA,"quad_9squares",12.5,NA,4,"36.62210N","121.90482W",NA,"","",1950
"459",459,"Lottia.digitalis","LODI","areaC","past",1950-07-01,"zone3",NA,NA,NA,"quad_9squares",12.8,NA,4,"36.62210N","121.90482W",NA,"","",1950
"460",460,"Lottia.digitalis","LODI","areaC","past",1950-07-01,"zone3",NA,NA,NA,"quad_9squares",12.9,NA,4,"36.62210N","121.90482W",NA,"","",1950
"461",461,"Lottia.digitalis","LODI","areaC","past",1950-07-01,"zone3",NA,NA,NA,"quad_9squares",13,NA,4,"36.62210N","121.90482W",NA,"","",1950
"462",462,"Lottia.digitalis","LODI","areaC","past",1950-07-01,"zone3",NA,NA,NA,"quad_9squares",13.2,NA,4,"36.62210N","121.90482W",NA,"","",1950
"463",463,"Lottia.digitalis","LODI","areaC","past",1950-07-01,"zone3",NA,NA,NA,"quad_9squares",13.6,NA,4,"36.62210N","121.90482W",NA,"","",1950
"464",464,"Lottia.digitalis","LODI","areaC","past",1950-07-01,"zone3",NA,NA,NA,"quad_9squares",13.9,NA,4,"36.62210N","121.90482W",NA,"","",1950
"465",465,"Lottia.digitalis","LODI","areaC","past",1950-07-01,"zone3",NA,NA,NA,"quad_9squares",14,NA,4,"36.62210N","121.90482W",NA,"","",1950
"466",466,"Lottia.digitalis","LODI","areaC","past",1950-07-01,"zone3",NA,NA,NA,"quad_9squares",14,NA,4,"36.62210N","121.90482W",NA,"","",1950
"467",467,"Lottia.digitalis","LODI","areaC","past",1950-07-01,"zone3",NA,NA,NA,"quad_9squares",14,NA,4,"36.62210N","121.90482W",NA,"","",1950
"468",468,"Lottia.digitalis","LODI","areaC","past",1950-07-01,"zone3",NA,NA,NA,"quad_9squares",14,NA,4,"36.62210N","121.90482W",NA,"","",1950
"469",469,"Lottia.digitalis","LODI","areaC","past",1950-07-01,"zone3",NA,NA,NA,"quad_9squares",14.1,NA,4,"36.62210N","121.90482W",NA,"","",1950
"470",470,"Lottia.digitalis","LODI","areaC","past",1950-07-01,"zone3",NA,NA,NA,"quad_9squares",14.2,NA,4,"36.62210N","121.90482W",NA,"","",1950
"471",471,"Lottia.digitalis","LODI","areaC","past",1950-07-01,"zone3",NA,NA,NA,"quad_9squares",14.2,NA,4,"36.62210N","121.90482W",NA,"","",1950
"472",472,"Lottia.digitalis","LODI","areaC","past",1950-07-01,"zone3",NA,NA,NA,"quad_9squares",14.2,NA,4,"36.62210N","121.90482W",NA,"","",1950
"473",473,"Lottia.digitalis","LODI","areaC","past",1950-07-01,"zone3",NA,NA,NA,"quad_9squares",14.3,NA,4,"36.62210N","121.90482W",NA,"","",1950
"474",474,"Lottia.digitalis","LODI","areaC","past",1950-07-01,"zone3",NA,NA,NA,"quad_9squares",14.6,NA,4,"36.62210N","121.90482W",NA,"","",1950
"475",475,"Lottia.digitalis","LODI","areaC","past",1950-07-01,"zone3",NA,NA,NA,"quad_9squares",14.7,NA,4,"36.62210N","121.90482W",NA,"","",1950
"476",476,"Lottia.digitalis","LODI","areaC","past",1950-07-01,"zone3",NA,NA,NA,"quad_9squares",14.8,NA,4,"36.62210N","121.90482W",NA,"","",1950
"477",477,"Lottia.digitalis","LODI","areaC","past",1950-07-01,"zone3",NA,NA,NA,"quad_9squares",15,NA,4,"36.62210N","121.90482W",NA,"","",1950
"478",478,"Lottia.digitalis","LODI","areaC","past",1950-07-01,"zone3",NA,NA,NA,"quad_9squares",15,NA,4,"36.62210N","121.90482W",NA,"","",1950
"479",479,"Lottia.digitalis","LODI","areaC","past",1950-07-01,"zone3",NA,NA,NA,"quad_9squares",15,NA,4,"36.62210N","121.90482W",NA,"","",1950
"480",480,"Lottia.digitalis","LODI","areaC","past",1950-07-01,"zone3",NA,NA,NA,"quad_9squares",15,NA,4,"36.62210N","121.90482W",NA,"","",1950
"481",481,"Lottia.digitalis","LODI","areaC","past",1950-07-01,"zone3",NA,NA,NA,"quad_9squares",15.3,NA,4,"36.62210N","121.90482W",NA,"","",1950
"482",482,"Lottia.digitalis","LODI","areaC","past",1950-07-01,"zone3",NA,NA,NA,"quad_9squares",15.5,NA,4,"36.62210N","121.90482W",NA,"","",1950
"483",483,"Lottia.digitalis","LODI","areaC","past",1950-07-01,"zone3",NA,NA,NA,"quad_9squares",16,NA,4,"36.62210N","121.90482W",NA,"","",1950
"484",484,"Lottia.digitalis","LODI","areaC","past",1950-07-01,"zone3",NA,NA,NA,"quad_9squares",16,NA,4,"36.62210N","121.90482W",NA,"","",1950
"485",485,"Lottia.digitalis","LODI","areaC","past",1950-07-01,"zone3",NA,NA,NA,"quad_9squares",16.1,NA,4,"36.62210N","121.90482W",NA,"","",1950
"486",486,"Lottia.digitalis","LODI","areaC","past",1950-07-01,"zone3",NA,NA,NA,"quad_9squares",16.3,NA,4,"36.62210N","121.90482W",NA,"","",1950
"487",487,"Lottia.digitalis","LODI","areaC","past",1950-07-01,"zone3",NA,NA,NA,"quad_9squares",16.5,NA,4,"36.62210N","121.90482W",NA,"","",1950
"488",488,"Lottia.digitalis","LODI","areaC","past",1950-07-01,"zone3",NA,NA,NA,"quad_9squares",16.6,NA,4,"36.62210N","121.90482W",NA,"","",1950
"489",489,"Lottia.digitalis","LODI","areaC","past",1950-07-01,"zone3",NA,NA,NA,"quad_9squares",16.9,NA,4,"36.62210N","121.90482W",NA,"","",1950
"490",490,"Lottia.digitalis","LODI","areaC","past",1950-07-01,"zone3",NA,NA,NA,"quad_9squares",16.9,NA,4,"36.62210N","121.90482W",NA,"","",1950
"491",491,"Lottia.digitalis","LODI","areaC","past",1950-07-01,"zone3",NA,NA,NA,"quad_9squares",17.2,NA,4,"36.62210N","121.90482W",NA,"","",1950
"492",492,"Lottia.digitalis","LODI","areaC","past",1950-07-01,"zone3",NA,NA,NA,"quad_9squares",17.7,NA,4,"36.62210N","121.90482W",NA,"","",1950
"493",493,"Lottia.digitalis","LODI","areaC","past",1950-07-01,"zone3",NA,NA,NA,"quad_9squares",18.1,NA,4,"36.62210N","121.90482W",NA,"","",1950
